batch_id,carbon_pct,manganese_pct,furnace_temp_C,rolling_speed_mps,cooling_rate_Cps,defect
B100000,0.46,0.566,1664.6,21.93,10.97,0
B100001,0.383,0.711,1496.7,15.31,10.72,1
B100002,0.478,0.617,1582.0,24.15,23.55,0
B100003,0.583,0.736,1597.7,16.46,26.19,1
B100004,0.372,0.836,1600.9,24.5,9.43,0
B100005,0.372,1.151,1609.9,18.36,10.99,0
B100006,0.59,0.804,1633.6,9.67,21.86,1
B100007,0.492,0.424,1598.1,14.11,18.2,1
B100008,0.344,1.242,1579.8,17.42,19.06,0
B100009,0.465,0.649,1577.6,28.21,20.38,0
B100010,0.344,0.882,1566.4,25.41,13.56,0
B100011,0.344,1.034,1643.3,29.74,16.98,0
B100012,0.429,0.96,1564.4,29.92,16.51,0
B100013,0.17,1.228,1646.6,16.79,9.85,0
B100014,0.193,1.044,1601.0,18.87,16.89,0
B100015,0.333,0.642,1571.3,17.53,22.43,0
B100016,0.278,1.554,1634.0,15.97,13.0,0
B100017,0.438,0.958,1560.0,8.95,15.92,0
B100018,0.291,0.856,1635.1,19.91,16.24,0
B100019,0.231,1.189,1611.7,12.29,13.29,1
B100020,0.576,0.975,1567.2,19.79,19.06,0
B100021,0.373,1.02,1629.1,32.69,10.92,0
B100022,0.408,1.648,1630.1,16.94,23.0,0
B100023,0.229,0.817,1663.7,21.17,18.76,0
B100024,0.335,0.805,1653.1,25.44,9.38,1
B100025,0.413,0.935,1627.0,21.68,25.19,0
B100026,0.262,1.221,1538.0,21.75,16.01,0
B100027,0.445,0.448,1734.7,17.83,10.66,0
B100028,0.328,0.31,1522.8,18.61,21.63,1
B100029,0.365,0.724,1652.2,14.24,17.97,0
B100030,0.328,0.41,1623.7,25.08,4.37,0
B100031,0.622,0.773,1535.4,9.55,11.85,1
B100032,0.398,1.051,1593.2,25.83,16.67,0
B100033,0.273,0.633,1595.7,11.58,2.04,0
B100034,0.499,0.472,1671.8,25.78,15.51,1
B100035,0.253,0.921,1560.8,17.88,15.95,0
B100036,0.425,1.159,1585.6,12.61,7.9,0
B100037,0.165,0.392,1471.5,23.48,16.62,1
B100038,0.241,1.146,1695.4,25.57,15.04,0
B100039,0.424,1.145,1541.1,17.37,7.85,0
B100040,0.489,1.186,1618.0,24.32,20.52,0
B100041,0.421,1.266,1594.4,6.29,20.03,0
B100042,0.386,1.561,1594.6,12.08,13.26,0
B100043,0.364,0.793,1644.5,27.75,13.81,0
B100044,0.223,0.933,1691.9,18.66,19.36,0
B100045,0.314,0.775,1613.8,8.83,13.8,0
B100046,0.345,0.901,1636.0,15.81,3.41,0
B100047,0.527,1.36,1618.1,14.46,17.92,0
B100048,0.441,0.496,1656.0,19.0,10.12,0
B100049,0.188,0.642,1574.5,17.78,12.66,0
B100050,0.439,1.313,1659.1,21.07,23.75,0
B100051,0.354,1.206,1661.1,19.58,14.2,1
B100052,0.319,0.791,1659.5,28.16,15.01,0
B100053,0.473,1.156,1563.7,22.55,18.06,0
B100054,0.524,1.002,1590.7,22.75,18.03,0
B100055,0.512,1.35,1613.2,26.99,9.48,0
B100056,0.299,0.922,1524.6,17.67,14.64,0
B100057,0.363,1.208,1687.7,12.43,15.22,0
B100058,0.44,1.693,1599.3,27.24,16.63,0
B100059,0.517,1.079,1615.6,20.82,16.74,0
B100060,0.342,0.915,1568.3,20.84,30.52,0
B100061,0.378,1.117,1527.0,16.2,7.94,0
B100062,0.267,0.79,1566.8,16.3,20.88,0
B100063,0.256,1.616,1612.1,25.08,22.1,0
B100064,0.498,0.954,1637.0,25.91,17.96,0
B100065,0.563,0.818,1608.9,24.7,11.1,0
B100066,0.391,0.649,1619.1,24.76,24.99,0
B100067,0.52,1.229,1581.5,23.41,2.0,0
B100068,0.443,1.16,1627.3,20.79,10.9,1
B100069,0.323,0.751,1681.6,18.95,22.03,0
B100070,0.443,1.073,1638.8,27.26,12.78,0
B100071,0.585,0.447,1644.5,17.76,24.58,0
B100072,0.396,0.955,1616.2,22.22,5.93,0
B100073,0.588,1.036,1517.3,15.18,8.33,0
B100074,0.086,1.412,1542.5,16.04,11.81,0
B100075,0.499,0.669,1625.0,18.58,17.5,0
B100076,0.41,0.516,1599.4,15.18,13.67,0
B100077,0.364,0.631,1624.2,24.79,12.06,0
B100078,0.411,0.499,1692.2,11.91,23.52,0
B100079,0.161,1.301,1639.9,20.6,24.08,0
B100080,0.374,1.365,1669.2,20.8,12.51,0
B100081,0.443,0.996,1605.2,9.14,4.74,0
B100082,0.577,1.266,1555.6,17.35,2.06,0
B100083,0.338,0.94,1596.8,21.53,16.44,0
B100084,0.303,0.871,1555.7,22.57,18.94,1
B100085,0.34,0.8,1685.7,18.77,15.38,0
B100086,0.51,0.807,1643.5,24.06,14.57,0
B100087,0.439,0.436,1628.6,19.34,10.17,0
B100088,0.336,0.979,1668.0,20.08,18.93,0
B100089,0.462,0.888,1488.9,21.51,25.07,1
B100090,0.412,1.124,1632.3,25.56,2.0,0
B100091,0.516,0.928,1527.9,15.95,14.53,1
B100092,0.316,0.851,1599.6,17.08,9.18,0
B100093,0.361,0.639,1582.9,15.99,6.06,0
B100094,0.353,0.922,1636.4,18.01,8.22,0
B100095,0.224,1.121,1612.6,28.56,17.28,0
B100096,0.436,0.557,1674.0,23.44,17.43,0
B100097,0.431,0.926,1566.9,13.21,23.76,0
B100098,0.401,0.97,1639.0,16.4,15.05,0
B100099,0.372,0.685,1608.9,22.24,4.45,0
B100100,0.23,0.724,1510.1,14.56,13.57,0
B100101,0.35,0.969,1549.5,15.65,6.68,0
B100102,0.359,0.56,1591.8,28.07,7.76,0
B100103,0.304,1.005,1661.2,16.32,18.48,1
B100104,0.381,0.631,1625.5,25.73,16.17,0
B100105,0.448,1.219,1535.8,27.53,18.53,0
B100106,0.626,1.601,1592.3,15.6,12.86,0
B100107,0.421,0.642,1711.0,14.66,19.74,0
B100108,0.431,1.06,1606.1,18.34,12.52,0
B100109,0.391,0.682,1582.0,13.47,21.7,0
B100110,0.17,1.212,1627.0,20.73,17.07,0
B100111,0.397,0.52,1642.0,18.77,13.76,0
B100112,0.407,1.044,1574.9,22.16,16.27,0
B100113,0.696,0.638,1627.6,28.38,14.89,1
B100114,0.377,0.838,1581.9,24.9,24.58,1
B100115,0.436,0.591,1639.6,22.94,16.47,0
B100116,0.396,1.147,1609.3,8.2,14.99,0
B100117,0.26,0.649,1626.5,22.66,13.57,0
B100118,0.537,1.066,1558.2,30.34,20.06,0
B100119,0.49,0.797,1554.8,5.0,19.25,0
B100120,0.495,0.866,1652.0,24.14,13.36,0
B100121,0.291,0.944,1595.6,19.04,8.07,0
B100122,0.568,0.671,1615.7,14.9,9.59,1
B100123,0.232,0.963,1583.1,24.81,13.9,0
B100124,0.47,1.359,1649.4,30.26,23.09,0
B100125,0.663,0.667,1566.6,24.65,13.5,1
B100126,0.281,1.252,1592.5,17.77,11.44,0
B100127,0.332,1.349,1643.2,14.34,4.44,0
B100128,0.412,0.655,1664.5,20.87,24.08,1
B100129,0.34,0.463,1571.2,25.24,18.41,0
B100130,0.214,0.991,1707.8,17.68,19.78,1
B100131,0.408,0.736,1617.2,18.26,20.77,0
B100132,0.273,1.461,1542.6,36.93,14.01,1
B100133,0.457,0.91,1620.3,26.47,15.51,0
B100134,0.29,0.659,1578.9,26.9,23.93,1
B100135,0.586,0.556,1623.9,11.24,16.08,0
B100136,0.306,1.227,1597.6,15.76,18.53,0
B100137,0.361,0.729,1604.1,20.45,20.22,0
B100138,0.498,0.913,1549.9,13.99,18.86,0
B100139,0.252,1.187,1654.5,29.6,14.23,0
B100140,0.427,0.755,1536.4,28.46,14.8,0
B100141,0.557,0.886,1539.0,16.8,19.67,0
B100142,0.207,0.895,1620.2,30.7,19.66,0
B100143,0.422,1.105,1688.2,19.97,22.01,0
B100144,0.431,1.077,1580.6,35.54,18.31,0
B100145,0.494,0.834,1638.6,20.87,18.58,0
B100146,0.252,0.919,1659.0,23.46,12.32,0
B100147,0.242,0.788,1644.8,28.4,11.51,0
B100148,0.463,0.457,1582.9,27.67,19.68,0
B100149,0.436,0.977,1540.0,23.06,11.55,1
B100150,0.43,1.468,1478.6,19.15,14.88,1
B100151,0.442,0.635,1585.5,23.08,23.27,0
B100152,0.318,0.668,1664.8,15.1,22.32,0
B100153,0.428,0.639,1538.2,20.91,16.81,0
B100154,0.435,1.117,1638.5,13.34,13.22,0
B100155,0.314,1.035,1547.7,9.31,14.26,0
B100156,0.624,0.852,1605.8,20.3,20.21,1
B100157,0.457,0.625,1638.9,27.57,14.78,1
B100158,0.257,0.928,1563.7,25.55,11.65,0
B100159,0.479,0.431,1609.4,19.51,22.29,0
B100160,0.283,0.943,1577.2,30.48,16.09,0
B100161,0.494,1.161,1638.8,16.59,11.54,0
B100162,0.539,0.525,1612.9,8.49,17.87,0
B100163,0.302,0.44,1603.1,6.91,20.83,0
B100164,0.516,1.374,1685.7,12.91,8.95,1
B100165,0.45,0.716,1636.4,24.9,13.8,0
B100166,0.499,1.241,1562.0,16.19,13.52,0
B100167,0.628,0.854,1595.3,22.77,17.71,0
B100168,0.371,0.851,1595.8,29.88,18.79,0
B100169,0.31,1.032,1604.4,13.4,11.69,0
B100170,0.293,0.635,1738.8,22.87,6.04,0
B100171,0.302,0.94,1620.4,23.23,21.19,0
B100172,0.391,0.786,1488.0,14.84,8.28,0
B100173,0.441,0.504,1570.1,28.13,16.63,1
B100174,0.433,1.001,1493.7,18.27,14.21,1
B100175,0.499,0.821,1581.9,17.7,15.97,0
B100176,0.402,0.853,1490.7,32.67,24.91,1
B100177,0.574,0.537,1552.1,23.14,33.23,0
B100178,0.368,1.377,1516.4,25.55,5.2,1
B100179,0.726,1.163,1621.1,28.13,20.9,1
B100180,0.475,1.189,1600.0,16.1,14.06,0
B100181,0.297,0.808,1616.7,27.5,21.29,0
B100182,0.271,0.381,1594.2,16.99,20.74,0
B100183,0.458,1.486,1523.3,16.73,23.46,0
B100184,0.373,0.882,1628.2,18.37,16.71,0
B100185,0.486,0.675,1705.7,16.27,9.66,1
B100186,0.457,1.025,1622.5,24.93,20.57,0
B100187,0.391,1.25,1576.6,21.6,15.71,0
B100188,0.298,0.893,1521.5,17.05,13.6,0
B100189,0.218,1.284,1550.1,24.05,12.14,0
B100190,0.346,1.225,1624.9,18.35,21.04,0
B100191,0.503,0.577,1659.0,18.03,24.62,0
B100192,0.426,0.698,1614.3,20.29,7.83,0
B100193,0.251,1.187,1644.0,22.78,18.73,1
B100194,0.421,0.1,1638.9,22.34,12.77,0
B100195,0.446,0.855,1627.9,17.82,6.2,0
B100196,0.294,0.471,1563.8,25.08,15.89,1
B100197,0.418,0.757,1609.6,18.67,10.0,0
B100198,0.407,0.81,1553.3,16.07,5.53,0
B100199,0.263,0.793,1601.0,11.19,10.31,0
B100200,0.443,0.734,1618.2,25.9,8.83,0
B100201,0.467,0.571,1692.3,20.07,11.12,0
B100202,0.53,1.588,1528.0,21.27,7.04,1
B100203,0.526,1.46,1626.5,26.27,12.63,0
B100204,0.235,0.551,1681.5,17.14,10.72,0
B100205,0.287,1.375,1641.7,11.75,17.25,0
B100206,0.462,0.78,1645.8,20.42,18.56,0
B100207,0.462,0.939,1632.3,21.85,16.56,0
B100208,0.462,0.881,1671.4,18.42,13.59,0
B100209,0.862,0.702,1540.2,28.84,13.43,1
B100210,0.469,1.195,1523.8,5.08,9.98,0
B100211,0.536,0.938,1599.7,26.72,10.12,0
B100212,0.514,0.757,1481.1,24.75,19.22,1
B100213,0.478,0.509,1667.7,22.74,4.44,0
B100214,0.362,0.632,1667.1,5.0,14.52,0
B100215,0.491,0.408,1576.2,27.7,13.06,0
B100216,0.307,0.904,1579.6,13.84,18.59,0
B100217,0.372,0.541,1596.0,16.95,6.45,1
B100218,0.342,0.82,1602.9,18.98,15.07,0
B100219,0.41,1.311,1607.0,22.44,17.06,1
B100220,0.678,1.26,1630.7,23.84,3.57,1
B100221,0.176,0.89,1590.5,25.36,8.55,0
B100222,0.482,0.874,1651.9,24.9,14.45,0
B100223,0.206,1.464,1624.5,21.52,18.08,0
B100224,0.343,1.056,1566.6,22.5,16.09,0
B100225,0.531,0.802,1673.4,13.46,18.36,0
B100226,0.408,0.472,1525.3,15.49,8.52,1
B100227,0.271,1.018,1594.9,25.37,5.47,0
B100228,0.314,1.149,1653.2,25.02,15.51,0
B100229,0.482,0.711,1560.2,24.34,7.62,0
B100230,0.312,0.987,1617.0,16.91,9.81,0
B100231,0.426,0.791,1629.9,25.46,20.59,0
B100232,0.405,0.845,1552.7,13.03,16.13,1
B100233,0.322,0.154,1596.0,26.46,11.59,0
B100234,0.657,0.833,1591.4,18.43,10.81,0
B100235,0.476,1.191,1569.7,30.11,18.73,0
B100236,0.157,0.711,1726.6,10.87,16.27,1
B100237,0.422,0.916,1558.0,30.58,7.71,1
B100238,0.321,0.673,1655.3,17.83,3.31,0
B100239,0.502,1.008,1578.4,17.72,26.29,0
B100240,0.305,0.835,1540.2,21.17,7.67,0
B100241,0.386,0.618,1605.7,15.82,18.17,0
B100242,0.461,1.3,1635.7,19.57,24.06,1
B100243,0.504,1.179,1650.6,15.57,15.89,0
B100244,0.256,0.719,1685.9,15.79,11.4,1
B100245,0.36,1.049,1750.0,22.92,6.44,1
B100246,0.343,1.061,1613.8,14.59,6.36,0
B100247,0.322,1.093,1563.5,15.39,17.26,0
B100248,0.612,0.392,1624.9,11.76,23.71,0
B100249,0.449,1.202,1585.4,16.98,12.63,0
B100250,0.249,0.729,1650.9,27.87,11.67,0
B100251,0.51,0.793,1528.7,14.92,19.18,0
B100252,0.655,1.691,1730.3,15.61,10.88,1
B100253,0.524,0.991,1647.1,21.16,16.65,0
B100254,0.218,0.784,1507.4,17.78,15.25,0
B100255,0.342,0.238,1561.0,33.37,12.54,0
B100256,0.552,1.317,1644.9,19.02,14.91,0
B100257,0.315,0.496,1664.7,22.01,25.58,0
B100258,0.453,0.599,1530.0,25.66,18.63,0
B100259,0.493,0.801,1639.2,25.55,21.56,0
B100260,0.289,1.325,1492.9,21.4,9.49,1
B100261,0.393,1.132,1595.1,19.03,21.58,0
B100262,0.05,0.853,1661.2,32.14,18.83,0
B100263,0.277,0.992,1569.7,19.4,6.0,0
B100264,0.37,0.72,1517.1,17.35,18.24,0
B100265,0.25,0.942,1608.0,16.12,11.92,0
B100266,0.596,0.922,1566.7,9.64,5.73,1
B100267,0.228,1.191,1634.6,24.93,15.78,1
B100268,0.347,1.19,1551.3,5.91,18.23,0
B100269,0.416,1.048,1557.5,19.97,15.91,0
B100270,0.573,0.791,1488.8,18.77,14.35,1
B100271,0.228,1.123,1609.3,33.44,13.02,0
B100272,0.54,0.872,1591.2,9.01,29.8,0
B100273,0.401,0.575,1534.6,14.59,7.9,0
B100274,0.282,0.779,1610.7,19.18,20.24,0
B100275,0.455,0.925,1656.5,18.81,15.09,0
B100276,0.424,1.173,1588.1,16.7,9.87,0
B100277,0.328,0.845,1614.7,19.51,14.71,0
B100278,0.408,0.537,1615.0,12.44,6.64,0
B100279,0.354,0.917,1533.8,22.14,11.43,1
B100280,0.414,0.934,1713.1,6.07,14.72,1
B100281,0.479,0.956,1574.1,19.85,5.69,0
B100282,0.59,1.176,1636.1,16.4,18.04,0
B100283,0.251,1.206,1642.3,26.1,9.22,1
B100284,0.656,0.722,1592.3,30.53,6.29,1
B100285,0.166,0.715,1633.4,18.01,8.52,0
B100286,0.382,0.588,1613.5,28.34,28.06,0
B100287,0.471,1.11,1522.0,18.1,3.13,0
B100288,0.434,1.335,1581.7,14.2,17.62,1
B100289,0.325,0.805,1566.3,30.48,10.49,0
B100290,0.375,0.828,1574.6,23.12,12.9,0
B100291,0.341,1.34,1528.3,20.03,18.62,0
B100292,0.329,1.052,1662.0,24.12,18.33,0
B100293,0.502,1.031,1688.1,21.65,10.92,0
B100294,0.443,0.543,1653.8,19.58,6.85,0
B100295,0.317,1.104,1669.9,12.04,18.73,0
B100296,0.508,0.621,1581.0,18.38,18.31,0
B100297,0.437,0.56,1565.0,23.74,13.29,0
B100298,0.498,0.796,1557.2,19.26,17.65,0
B100299,0.476,0.724,1635.4,25.41,12.33,0
B100300,0.301,0.834,1612.5,22.3,10.04,0
B100301,0.333,0.468,1595.8,14.73,15.02,0
B100302,0.49,1.188,1671.2,12.08,18.11,0
B100303,0.473,1.238,1622.3,19.06,16.86,0
B100304,0.397,0.316,1553.9,16.85,18.05,0
B100305,0.414,1.194,1562.6,22.02,10.44,0
B100306,0.553,0.657,1637.5,15.69,24.49,1
B100307,0.329,1.157,1657.3,16.31,12.95,0
B100308,0.466,0.879,1630.3,26.32,14.29,1
B100309,0.376,0.909,1704.3,20.89,7.09,0
B100310,0.374,0.844,1689.9,15.78,13.84,0
B100311,0.532,1.264,1624.3,20.11,18.19,0
B100312,0.499,0.528,1553.9,28.27,19.58,0
B100313,0.498,1.082,1528.0,21.76,24.37,0
B100314,0.557,1.23,1578.7,23.56,18.12,0
B100315,0.403,1.115,1641.4,15.49,16.66,0
B100316,0.482,1.597,1700.5,26.16,12.32,0
B100317,0.363,0.741,1623.0,33.91,11.03,0
B100318,0.439,1.187,1664.3,15.25,20.82,1
B100319,0.384,0.868,1586.5,12.91,20.71,0
B100320,0.412,1.27,1634.3,21.05,8.54,0
B100321,0.471,0.898,1645.3,25.25,19.34,0
B100322,0.302,0.784,1491.1,19.45,18.9,0
B100323,0.651,1.292,1577.3,13.68,8.32,1
B100324,0.279,0.753,1652.2,19.35,18.24,0
B100325,0.254,0.476,1615.1,23.59,8.7,0
B100326,0.539,0.745,1534.2,17.56,2.0,1
B100327,0.495,1.086,1466.3,23.64,14.04,1
B100328,0.475,1.318,1579.9,26.99,16.55,0
B100329,0.475,0.933,1596.1,21.44,14.31,0
B100330,0.399,1.295,1551.4,19.83,32.2,0
B100331,0.292,0.493,1607.9,24.98,17.27,0
B100332,0.409,0.767,1627.9,14.86,15.88,0
B100333,0.319,0.813,1636.9,14.27,17.58,1
B100334,0.517,0.866,1470.4,18.4,12.35,1
B100335,0.382,0.925,1527.7,17.05,20.58,0
B100336,0.301,1.107,1583.2,15.18,17.17,0
B100337,0.361,0.767,1631.5,30.98,16.89,1
B100338,0.45,0.942,1626.9,33.03,11.26,1
B100339,0.332,0.886,1626.0,17.88,5.61,0
B100340,0.301,0.622,1578.9,20.55,11.99,1
B100341,0.429,0.866,1582.0,18.87,16.7,0
B100342,0.429,0.857,1559.9,26.64,12.33,0
B100343,0.339,0.85,1642.3,27.83,16.75,0
B100344,0.343,0.91,1549.4,9.34,13.61,0
B100345,0.428,0.923,1646.8,22.86,17.58,1
B100346,0.226,0.77,1611.4,12.16,9.14,0
B100347,0.231,1.282,1597.5,30.55,16.16,0
B100348,0.314,0.549,1563.9,22.64,11.15,0
B100349,0.374,0.684,1525.4,15.06,5.77,0
B100350,0.437,1.734,1564.4,18.55,14.01,0
B100351,0.577,0.589,1581.8,18.27,24.22,0
B100352,0.503,0.494,1469.7,23.15,6.25,1
B100353,0.381,1.12,1589.1,26.25,15.72,0
B100354,0.398,0.277,1650.8,13.11,19.79,0
B100355,0.28,0.829,1631.2,31.03,28.8,0
B100356,0.398,1.544,1572.7,29.63,12.04,0
B100357,0.365,0.437,1602.6,14.75,11.21,0
B100358,0.439,0.305,1569.4,20.44,8.0,0
B100359,0.301,0.45,1608.2,30.26,21.84,0
B100360,0.462,1.17,1684.7,27.4,9.8,1
B100361,0.584,1.237,1653.3,17.98,12.78,1
B100362,0.387,0.746,1628.6,24.89,3.91,0
B100363,0.448,1.105,1572.9,37.98,20.3,0
B100364,0.483,1.317,1641.2,20.63,21.95,0
B100365,0.352,1.436,1507.2,16.2,20.07,1
B100366,0.427,0.826,1586.1,21.03,5.37,0
B100367,0.402,0.21,1632.1,21.48,18.64,0
B100368,0.412,0.654,1640.7,16.85,4.96,0
B100369,0.307,0.772,1636.8,22.65,15.35,0
B100370,0.403,0.822,1616.2,12.47,16.23,0
B100371,0.46,0.844,1589.2,16.01,16.86,0
B100372,0.574,1.236,1629.6,24.55,18.21,1
B100373,0.515,1.282,1547.6,9.47,14.95,0
B100374,0.658,0.848,1553.5,25.42,3.23,1
B100375,0.308,1.23,1603.4,7.93,18.21,0
B100376,0.505,1.007,1609.5,9.61,15.59,0
B100377,0.422,0.919,1499.6,17.01,9.58,0
B100378,0.663,1.172,1625.0,21.72,5.58,1
B100379,0.303,0.922,1642.5,27.95,24.24,0
B100380,0.299,1.517,1595.7,20.35,22.39,0
B100381,0.328,0.468,1730.6,18.52,19.24,1
B100382,0.145,0.745,1562.4,23.48,10.94,1
B100383,0.337,0.862,1580.1,14.77,2.0,0
B100384,0.309,1.032,1578.3,20.84,19.59,0
B100385,0.418,1.28,1595.8,12.8,17.2,0
B100386,0.441,0.893,1581.9,20.5,12.75,0
B100387,0.625,0.473,1522.6,19.22,21.75,1
B100388,0.514,1.153,1569.9,15.17,20.09,1
B100389,0.331,1.126,1594.6,20.99,16.06,1
B100390,0.292,0.317,1667.6,20.95,15.21,0
B100391,0.459,0.899,1721.1,27.05,15.31,1
B100392,0.242,0.423,1673.5,10.37,19.08,1
B100393,0.62,0.701,1557.4,19.54,9.86,1
B100394,0.542,0.629,1561.7,15.44,17.56,0
B100395,0.344,1.143,1591.2,25.22,9.48,0
B100396,0.194,0.935,1698.2,24.52,23.02,0
B100397,0.562,0.514,1590.9,23.05,18.19,0
B100398,0.386,1.164,1527.0,15.78,10.87,0
B100399,0.549,0.47,1572.4,25.31,15.48,0
B100400,0.209,0.999,1641.6,10.82,9.88,0
B100401,0.328,0.656,1637.9,9.59,24.02,0
B100402,0.401,0.79,1589.0,12.34,24.74,0
B100403,0.406,1.051,1637.6,19.8,19.18,0
B100404,0.346,1.056,1475.0,24.05,24.34,1
B100405,0.475,1.301,1605.7,5.0,15.91,0
B100406,0.272,0.875,1647.3,27.94,19.58,0
B100407,0.383,0.992,1554.2,20.79,22.35,0
B100408,0.414,0.769,1554.0,10.59,14.97,0
B100409,0.462,0.955,1497.3,20.61,15.43,0
B100410,0.485,1.032,1687.4,26.56,20.6,0
B100411,0.265,0.871,1560.4,23.6,18.88,0
B100412,0.216,0.359,1613.3,26.59,10.47,0
B100413,0.553,0.999,1633.2,11.8,2.0,1
B100414,0.44,1.009,1683.2,17.52,13.95,0
B100415,0.31,0.696,1591.5,14.45,2.42,0
B100416,0.586,0.515,1570.3,30.31,9.05,1
B100417,0.414,1.343,1609.5,23.84,9.75,0
B100418,0.542,1.047,1670.6,37.08,11.59,1
B100419,0.408,0.831,1590.6,17.19,19.92,0
B100420,0.647,0.559,1547.5,15.65,21.23,1
B100421,0.611,0.653,1515.3,19.14,18.05,0
B100422,0.37,1.291,1532.8,28.27,18.8,1
B100423,0.517,0.941,1647.5,17.8,18.94,0
B100424,0.477,0.735,1582.4,20.75,2.0,0
B100425,0.564,1.053,1566.6,20.58,15.06,0
B100426,0.284,0.656,1560.6,20.24,4.22,1
B100427,0.482,1.35,1604.7,16.09,18.05,0
B100428,0.527,1.306,1586.8,19.18,2.44,0
B100429,0.189,0.76,1585.0,18.92,13.92,0
B100430,0.258,0.711,1674.2,19.95,18.29,0
B100431,0.155,0.115,1684.6,25.66,8.29,1
B100432,0.368,0.456,1511.4,30.56,20.77,1
B100433,0.486,0.498,1618.0,14.96,18.04,0
B100434,0.58,0.941,1557.3,17.65,17.28,0
B100435,0.409,0.802,1586.3,15.05,19.19,0
B100436,0.595,0.496,1617.0,21.12,12.84,0
B100437,0.234,0.816,1588.3,16.77,15.91,0
B100438,0.196,1.052,1612.7,21.44,15.06,1
B100439,0.393,1.058,1637.0,26.62,14.92,0
B100440,0.446,0.33,1616.2,5.0,10.97,0
B100441,0.396,0.862,1564.4,22.95,7.54,0
B100442,0.152,0.485,1565.4,17.24,12.98,0
B100443,0.389,1.171,1520.8,22.76,12.65,0
B100444,0.243,1.135,1553.0,14.62,10.58,0
B100445,0.48,0.631,1707.9,27.18,20.11,0
B100446,0.444,0.67,1556.4,25.48,7.97,0
B100447,0.287,0.762,1534.4,23.41,13.97,0
B100448,0.338,0.224,1617.6,24.76,22.0,0
B100449,0.273,1.001,1593.9,15.53,20.45,0
B100450,0.392,0.818,1589.2,16.28,22.3,0
B100451,0.515,1.191,1677.5,24.51,11.46,1
B100452,0.282,0.57,1630.2,15.39,19.71,0
B100453,0.46,0.714,1570.9,28.67,8.62,0
B100454,0.336,0.448,1576.7,18.06,13.34,0
B100455,0.305,0.599,1572.4,23.01,13.91,0
B100456,0.387,0.545,1648.1,32.6,11.54,1
B100457,0.276,1.199,1583.1,15.76,12.83,1
B100458,0.334,0.691,1501.4,20.41,12.04,0
B100459,0.256,0.937,1597.3,26.33,9.11,0
B100460,0.636,0.786,1515.5,25.71,20.14,1
B100461,0.404,0.519,1720.1,18.03,13.91,1
B100462,0.316,0.85,1546.9,16.9,16.21,0
B100463,0.426,1.08,1591.1,18.6,15.98,0
B100464,0.387,0.538,1614.2,28.69,15.33,0
B100465,0.373,1.143,1584.1,18.33,15.56,0
B100466,0.474,0.645,1584.0,20.47,13.17,0
B100467,0.491,0.755,1623.2,17.44,23.51,0
B100468,0.336,1.059,1683.9,24.23,19.56,0
B100469,0.331,0.701,1642.2,20.93,15.11,1
B100470,0.367,0.911,1681.3,13.98,12.32,0
B100471,0.124,0.806,1542.4,14.19,14.29,0
B100472,0.218,0.939,1617.5,8.01,17.51,1
B100473,0.564,0.186,1608.5,15.01,24.0,0
B100474,0.597,0.351,1619.3,24.76,6.76,0
B100475,0.37,1.085,1675.7,27.94,18.96,0
B100476,0.469,1.211,1587.9,24.11,21.76,0
B100477,0.437,0.627,1577.7,23.33,6.08,0
B100478,0.769,0.827,1629.4,19.24,13.91,1
B100479,0.534,0.988,1502.2,24.65,8.61,1
B100480,0.385,1.108,1587.0,21.72,17.58,0
B100481,0.285,0.292,1592.6,30.83,12.85,0
B100482,0.207,0.634,1549.4,19.41,14.22,1
B100483,0.424,0.8,1658.1,28.06,12.53,1
B100484,0.309,1.111,1541.6,25.24,19.32,1
B100485,0.229,1.65,1592.5,24.41,16.37,0
B100486,0.322,0.832,1616.1,7.93,16.39,0
B100487,0.27,0.478,1674.4,25.58,15.96,0
B100488,0.602,1.021,1599.4,19.23,18.43,0
B100489,0.506,1.296,1651.5,17.34,13.43,0
B100490,0.399,0.932,1638.5,11.1,25.2,0
B100491,0.578,0.628,1606.8,19.97,7.59,0
B100492,0.409,1.187,1540.1,20.2,4.64,0
B100493,0.297,1.099,1521.1,12.18,4.15,0
B100494,0.583,0.592,1605.9,11.16,2.52,0
B100495,0.465,1.014,1570.2,22.92,19.04,0
B100496,0.276,1.199,1650.6,25.23,18.31,0
B100497,0.377,1.255,1641.0,21.14,22.25,0
B100498,0.295,0.88,1589.8,26.91,8.66,0
B100499,0.234,0.793,1536.3,19.48,19.47,0
B100500,0.511,1.268,1628.1,19.67,15.34,0
B100501,0.629,0.537,1544.0,14.5,16.0,1
B100502,0.232,1.032,1558.3,10.64,18.75,0
B100503,0.468,0.489,1546.1,31.13,10.46,0
B100504,0.322,1.22,1592.4,26.79,30.52,0
B100505,0.342,0.823,1664.4,11.64,22.99,0
B100506,0.329,1.281,1599.7,20.93,11.81,0
B100507,0.296,1.047,1575.6,19.4,8.46,0
B100508,0.406,0.533,1516.1,18.36,14.47,1
B100509,0.3,1.327,1630.4,17.55,16.09,0
B100510,0.432,1.365,1557.1,22.29,21.39,0
B100511,0.394,1.165,1606.5,24.91,7.99,0
B100512,0.371,0.672,1580.5,22.41,16.71,0
B100513,0.291,0.808,1646.1,19.28,5.83,0
B100514,0.331,0.944,1591.4,19.06,17.62,0
B100515,0.491,0.689,1596.8,25.62,14.35,0
B100516,0.46,1.408,1626.7,22.78,26.62,0
B100517,0.283,0.943,1715.9,20.44,5.72,1
B100518,0.412,0.1,1648.9,19.78,23.22,0
B100519,0.49,1.002,1595.1,22.07,4.78,0
B100520,0.2,0.796,1600.2,17.19,7.04,1
B100521,0.465,0.878,1571.1,24.93,4.94,0
B100522,0.32,0.789,1547.8,13.54,16.5,1
B100523,0.468,1.142,1569.6,17.53,7.96,1
B100524,0.308,1.236,1557.5,23.67,6.91,0
B100525,0.183,0.985,1635.9,13.2,16.22,0
B100526,0.205,0.798,1541.1,10.56,17.71,0
B100527,0.406,0.888,1673.3,20.38,15.24,0
B100528,0.431,0.906,1641.4,9.82,14.03,0
B100529,0.291,0.659,1601.1,12.21,25.97,0
B100530,0.477,1.074,1600.0,24.54,15.88,0
B100531,0.201,1.038,1569.3,18.77,19.83,0
B100532,0.392,1.362,1614.9,27.71,15.86,0
B100533,0.255,1.277,1659.8,12.77,8.41,0
B100534,0.322,0.694,1561.3,19.44,18.3,1
B100535,0.406,1.146,1515.7,22.4,11.07,1
B100536,0.297,0.615,1638.7,12.98,14.45,0
B100537,0.354,1.109,1617.8,26.19,16.83,0
B100538,0.521,0.745,1538.4,23.06,3.35,1
B100539,0.331,0.593,1559.7,10.34,5.34,1
B100540,0.5,0.984,1552.7,19.77,20.46,0
B100541,0.264,0.1,1560.2,22.32,11.02,0
B100542,0.464,0.375,1582.2,16.46,11.3,0
B100543,0.573,0.847,1585.3,11.12,16.0,0
B100544,0.103,0.925,1564.2,21.67,12.69,1
B100545,0.304,0.789,1558.3,33.27,17.51,1
B100546,0.469,0.426,1587.4,17.68,14.69,0
B100547,0.376,0.655,1609.2,29.42,16.19,0
B100548,0.445,1.017,1582.6,15.49,10.79,0
B100549,0.328,1.075,1663.7,21.29,16.16,1
B100550,0.41,0.895,1627.9,24.63,21.63,0
B100551,0.381,1.247,1512.5,19.95,11.59,0
B100552,0.54,1.019,1628.8,18.21,20.49,0
B100553,0.431,0.676,1633.3,24.36,14.69,1
B100554,0.441,0.816,1576.1,31.35,19.41,0
B100555,0.351,0.479,1517.8,21.8,15.77,0
B100556,0.341,0.868,1600.4,16.9,14.8,0
B100557,0.348,1.234,1599.6,18.86,17.1,0
B100558,0.447,1.106,1538.3,35.12,22.28,1
B100559,0.349,1.321,1520.2,20.81,16.42,0
B100560,0.435,0.809,1595.2,16.43,17.87,0
B100561,0.649,1.304,1587.2,13.13,12.79,1
B100562,0.505,0.842,1577.1,9.04,24.43,1
B100563,0.361,1.341,1595.4,22.18,18.84,0
B100564,0.544,0.893,1539.3,23.93,15.47,1
B100565,0.351,1.112,1576.1,17.62,14.26,0
B100566,0.155,1.343,1629.3,19.91,20.87,0
B100567,0.279,0.842,1580.8,12.98,11.36,0
B100568,0.176,0.966,1508.0,20.8,4.3,1
B100569,0.358,1.287,1574.0,22.89,15.43,1
B100570,0.402,0.86,1541.1,16.79,22.14,1
B100571,0.601,0.504,1614.7,30.14,24.55,0
B100572,0.439,1.543,1617.5,14.98,14.36,0
B100573,0.374,0.759,1508.8,21.7,15.26,0
B100574,0.5,0.948,1641.7,25.09,18.12,1
B100575,0.135,1.247,1538.8,19.54,13.41,0
B100576,0.428,0.717,1685.8,18.87,18.1,0
B100577,0.493,0.598,1597.3,11.43,14.49,1
B100578,0.223,0.976,1531.4,28.14,21.07,0
B100579,0.537,0.362,1537.2,18.98,19.34,0
B100580,0.441,0.814,1619.1,23.22,19.86,0
B100581,0.35,0.974,1578.5,24.04,13.77,0
B100582,0.476,0.819,1594.7,16.23,26.56,0
B100583,0.672,0.437,1688.7,18.81,17.9,1
B100584,0.422,1.378,1561.5,28.01,16.48,0
B100585,0.43,0.931,1603.3,13.3,10.43,0
B100586,0.345,1.329,1678.1,32.77,14.42,0
B100587,0.298,0.822,1614.9,15.53,15.69,0
B100588,0.5,0.636,1511.6,12.92,10.27,0
B100589,0.297,0.981,1627.8,20.79,13.25,0
B100590,0.409,0.835,1536.0,33.25,14.01,0
B100591,0.343,0.547,1677.4,8.53,15.34,0
B100592,0.457,1.341,1554.7,19.15,4.42,0
B100593,0.44,0.713,1750.0,22.86,14.19,1
B100594,0.525,0.348,1680.7,20.2,12.74,1
B100595,0.339,1.298,1556.2,22.29,14.87,0
B100596,0.368,0.749,1601.1,15.69,21.21,0
B100597,0.283,0.718,1641.5,16.4,27.31,1
B100598,0.347,0.37,1643.1,19.11,19.07,0
B100599,0.445,1.422,1624.3,13.22,7.59,0
B100600,0.491,0.513,1668.9,19.73,12.93,1
B100601,0.289,0.918,1593.2,17.67,18.58,0
B100602,0.504,1.174,1579.8,17.18,17.9,0
B100603,0.563,1.027,1580.9,21.92,20.92,0
B100604,0.45,0.882,1647.2,9.08,14.42,0
B100605,0.625,0.39,1620.1,18.63,12.82,0
B100606,0.307,0.657,1616.0,33.9,25.51,0
B100607,0.251,0.956,1643.7,13.48,15.35,0
B100608,0.187,0.664,1487.2,27.71,8.9,1
B100609,0.58,0.961,1617.1,20.33,23.85,0
B100610,0.479,1.105,1612.0,16.38,6.02,0
B100611,0.393,1.189,1691.8,12.08,2.0,0
B100612,0.434,0.532,1515.9,20.84,19.62,1
B100613,0.265,1.559,1685.6,28.72,20.46,0
B100614,0.693,1.13,1604.1,17.66,17.48,0
B100615,0.416,0.899,1626.9,19.51,7.19,0
B100616,0.413,1.227,1692.2,26.06,14.65,0
B100617,0.487,1.61,1630.8,22.05,13.33,0
B100618,0.458,0.468,1622.0,10.57,11.78,0
B100619,0.427,0.832,1613.3,20.59,23.47,0
B100620,0.305,0.186,1573.4,29.07,8.72,1
B100621,0.457,0.958,1598.4,19.78,16.9,0
B100622,0.626,1.01,1560.6,5.0,22.16,0
B100623,0.561,0.888,1597.5,22.33,17.29,1
B100624,0.591,0.704,1471.5,18.81,22.45,1
B100625,0.339,0.285,1623.6,9.03,18.38,0
B100626,0.281,1.012,1593.3,9.92,17.58,0
B100627,0.385,1.337,1581.5,25.85,17.2,1
B100628,0.407,0.723,1612.1,15.61,18.68,0
B100629,0.531,1.032,1521.2,14.56,12.69,0
B100630,0.197,0.43,1706.1,19.79,7.19,0
B100631,0.584,1.037,1594.3,16.13,20.72,0
B100632,0.381,0.782,1592.0,20.6,21.97,0
B100633,0.349,0.671,1546.9,18.78,16.51,1
B100634,0.279,0.672,1601.3,12.8,11.71,0
B100635,0.201,0.782,1676.3,16.93,5.65,0
B100636,0.499,1.015,1657.0,22.66,15.51,0
B100637,0.409,0.506,1647.0,20.25,6.91,0
B100638,0.245,0.781,1630.1,19.51,6.07,0
B100639,0.245,0.888,1580.3,31.62,14.88,1
B100640,0.36,0.57,1520.2,24.39,10.42,1
B100641,0.6,1.439,1588.9,25.11,17.07,0
B100642,0.369,0.644,1587.0,19.0,14.04,0
B100643,0.22,0.699,1657.7,21.32,11.36,0
B100644,0.371,0.607,1617.0,17.41,4.77,1
B100645,0.367,1.44,1688.7,24.67,9.88,1
B100646,0.076,1.066,1665.9,19.34,10.1,0
B100647,0.393,0.619,1574.9,21.33,7.65,0
B100648,0.372,1.232,1501.3,20.96,13.03,0
B100649,0.484,0.96,1676.2,19.89,8.12,1
B100650,0.622,0.977,1674.8,37.63,14.02,0
B100651,0.535,0.797,1524.9,16.0,16.44,0
B100652,0.368,0.675,1683.0,15.95,10.04,1
B100653,0.267,1.001,1621.0,24.16,17.55,0
B100654,0.709,0.736,1608.8,16.43,6.83,1
B100655,0.407,1.445,1688.8,18.25,8.33,0
B100656,0.402,0.519,1674.0,13.48,14.32,0
B100657,0.397,1.361,1635.8,22.95,19.12,0
B100658,0.424,0.867,1626.0,23.03,20.2,0
B100659,0.383,0.99,1633.9,18.11,24.67,1
B100660,0.331,1.15,1578.0,24.29,12.74,0
B100661,0.334,0.711,1597.0,8.85,14.23,0
B100662,0.396,1.159,1550.4,15.76,8.8,0
B100663,0.335,0.1,1581.7,18.98,7.48,1
B100664,0.314,0.684,1579.8,12.97,16.37,1
B100665,0.413,0.623,1565.1,9.51,10.34,0
B100666,0.369,0.524,1607.5,18.15,22.39,0
B100667,0.58,0.836,1582.2,24.16,6.23,0
B100668,0.082,1.016,1627.6,27.69,17.92,0
B100669,0.531,1.111,1510.8,16.72,8.97,1
B100670,0.55,0.972,1593.8,24.4,10.08,0
B100671,0.151,0.7,1607.2,23.82,18.23,1
B100672,0.359,1.011,1582.9,27.31,10.94,0
B100673,0.355,0.937,1590.5,17.9,11.91,0
B100674,0.231,1.181,1512.8,9.21,10.13,0
B100675,0.307,1.133,1619.6,20.42,25.71,0
B100676,0.267,0.909,1635.6,13.92,11.3,0
B100677,0.61,0.631,1627.1,15.66,15.31,1
B100678,0.512,0.704,1657.1,18.19,13.79,0
B100679,0.553,0.735,1611.1,17.97,16.33,0
B100680,0.487,0.805,1626.3,20.85,11.31,0
B100681,0.265,0.98,1608.6,24.22,13.8,0
B100682,0.337,1.115,1637.8,17.79,17.36,0
B100683,0.459,0.885,1513.3,22.37,9.82,1
B100684,0.253,0.905,1550.9,20.09,21.54,0
B100685,0.486,0.943,1687.3,25.61,22.11,1
B100686,0.371,0.745,1464.7,18.87,18.64,1
B100687,0.355,0.622,1592.3,19.53,15.42,0
B100688,0.485,0.373,1664.5,17.75,2.0,0
B100689,0.453,0.691,1594.9,19.03,17.55,0
B100690,0.357,1.042,1577.7,15.3,12.65,0
B100691,0.539,0.689,1607.1,14.7,13.52,0
B100692,0.27,0.829,1580.6,24.65,3.62,0
B100693,0.474,1.04,1601.7,13.5,17.96,0
B100694,0.471,1.056,1562.4,18.09,6.31,1
B100695,0.363,0.576,1661.0,26.09,15.71,0
B100696,0.439,1.199,1678.3,17.88,20.43,0
B100697,0.25,1.238,1592.7,24.97,12.18,0
B100698,0.511,0.561,1523.7,16.45,22.3,0
B100699,0.378,0.653,1571.2,13.69,10.52,0
B100700,0.337,1.257,1589.9,10.43,18.6,0
B100701,0.526,0.856,1627.8,27.88,7.17,0
B100702,0.315,0.234,1544.6,13.18,21.19,0
B100703,0.231,0.48,1557.7,24.48,20.26,1
B100704,0.213,0.825,1628.1,14.0,17.81,0
B100705,0.473,0.551,1651.6,27.9,12.64,1
B100706,0.246,0.776,1565.8,33.24,6.59,0
B100707,0.611,0.91,1526.7,9.88,12.66,0
B100708,0.15,1.339,1750.0,13.49,21.66,1
B100709,0.604,0.813,1643.1,24.64,15.78,0
B100710,0.425,1.222,1585.3,23.08,5.68,0
B100711,0.388,1.329,1647.8,24.66,8.25,0
B100712,0.335,1.33,1593.2,16.56,22.52,0
B100713,0.448,0.985,1647.7,31.93,17.93,0
B100714,0.395,0.311,1608.8,20.71,7.6,0
B100715,0.532,1.038,1605.0,12.7,4.41,0
B100716,0.414,1.215,1593.8,18.48,11.25,0
B100717,0.418,0.876,1520.4,12.78,3.89,0
B100718,0.356,1.423,1706.6,29.55,14.06,1
B100719,0.393,1.158,1548.2,16.04,29.71,0
B100720,0.437,1.07,1525.2,22.95,5.42,1
B100721,0.195,1.226,1588.3,17.18,13.88,1
B100722,0.238,1.0,1547.1,16.31,22.87,0
B100723,0.489,0.152,1597.2,8.54,19.49,0
B100724,0.421,0.75,1637.8,23.59,14.11,0
B100725,0.378,1.259,1654.7,27.8,14.12,0
B100726,0.402,0.658,1644.8,14.5,8.06,0
B100727,0.442,0.833,1583.2,10.73,13.39,0
B100728,0.335,0.587,1602.7,24.82,16.46,0
B100729,0.307,1.435,1622.4,10.12,21.63,1
B100730,0.424,1.404,1503.3,27.32,11.28,0
B100731,0.283,0.635,1631.4,14.57,13.86,0
B100732,0.449,0.944,1519.8,13.38,9.3,0
B100733,0.196,0.696,1712.2,21.49,16.35,0
B100734,0.523,1.084,1577.8,13.77,19.7,0
B100735,0.457,1.053,1589.8,15.76,18.78,0
B100736,0.431,1.144,1557.7,22.12,7.98,0
B100737,0.518,1.0,1565.4,5.43,15.88,0
B100738,0.6,1.781,1725.1,29.85,10.94,1
B100739,0.522,0.592,1651.7,20.26,21.07,0
B100740,0.179,0.387,1514.8,12.24,14.03,1
B100741,0.246,0.782,1682.7,13.9,5.88,0
B100742,0.325,0.43,1665.6,25.95,13.68,0
B100743,0.403,0.452,1584.5,23.61,17.75,0
B100744,0.462,0.6,1616.9,28.32,16.46,1
B100745,0.313,0.623,1599.2,15.9,11.93,0
B100746,0.422,0.614,1708.5,21.78,11.49,0
B100747,0.309,1.055,1556.2,22.56,9.07,0
B100748,0.327,0.748,1608.0,24.17,12.63,0
B100749,0.231,0.846,1576.5,26.76,9.87,0
B100750,0.289,1.168,1521.2,15.7,20.82,1
B100751,0.238,0.67,1720.5,19.31,9.59,1
B100752,0.283,0.821,1535.0,16.34,15.73,0
B100753,0.526,1.01,1612.1,19.68,15.33,0
B100754,0.286,0.318,1504.3,24.19,20.67,1
B100755,0.716,0.185,1578.1,10.08,21.54,1
B100756,0.459,1.004,1623.2,26.66,19.18,0
B100757,0.422,1.048,1554.6,13.16,17.12,0
B100758,0.297,1.519,1632.3,18.16,8.71,0
B100759,0.484,0.947,1585.2,27.46,8.59,0
B100760,0.331,1.146,1663.8,21.97,9.93,0
B100761,0.415,0.841,1674.9,22.04,19.51,0
B100762,0.707,0.989,1567.7,12.92,15.44,1
B100763,0.388,1.4,1604.2,13.74,20.21,0
B100764,0.538,0.263,1610.1,25.65,21.02,0
B100765,0.316,1.024,1634.1,16.47,10.64,0
B100766,0.396,1.541,1600.8,17.03,15.19,0
B100767,0.612,0.985,1610.5,25.78,14.92,0
B100768,0.325,1.395,1586.6,13.7,13.03,0
B100769,0.617,0.711,1606.3,21.62,11.79,1
B100770,0.485,0.89,1671.4,20.26,22.11,0
B100771,0.333,0.91,1635.5,19.98,15.31,0
B100772,0.476,0.235,1638.6,16.89,15.08,1
B100773,0.517,0.55,1639.8,16.52,10.18,0
B100774,0.475,0.571,1591.5,13.53,19.05,0
B100775,0.212,1.147,1617.5,22.9,8.97,1
B100776,0.313,1.162,1540.3,15.99,17.73,0
B100777,0.37,0.997,1669.8,25.81,17.89,0
B100778,0.391,1.147,1450.0,18.65,12.52,1
B100779,0.474,0.851,1595.2,13.65,16.91,0
B100780,0.421,1.261,1662.7,18.57,16.11,0
B100781,0.24,0.903,1525.0,17.53,14.76,0
B100782,0.446,0.917,1622.0,26.05,15.08,0
B100783,0.473,0.82,1562.6,17.79,15.37,0
B100784,0.467,1.105,1579.7,18.34,15.78,0
B100785,0.53,0.774,1652.0,28.47,15.36,1
B100786,0.5,1.193,1610.9,23.05,8.38,1
B100787,0.455,0.56,1488.1,29.98,14.09,1
B100788,0.392,0.57,1546.3,27.55,16.59,1
B100789,0.201,1.106,1653.6,14.68,15.58,0
B100790,0.452,0.873,1624.7,25.94,20.72,0
B100791,0.425,0.764,1696.1,29.15,18.72,0
B100792,0.433,1.167,1692.5,29.2,9.78,0
B100793,0.247,0.718,1581.2,25.93,14.0,0
B100794,0.27,0.84,1737.7,25.81,13.13,1
B100795,0.526,1.32,1601.3,18.18,14.97,0
B100796,0.395,1.362,1547.1,14.98,14.98,0
B100797,0.482,1.372,1565.1,17.89,18.67,0
B100798,0.403,0.815,1475.9,10.01,16.06,1
B100799,0.404,1.269,1688.4,28.06,22.38,1
B100800,0.513,0.615,1687.7,18.3,16.45,0
B100801,0.338,0.628,1544.1,27.75,10.02,0
B100802,0.412,0.195,1587.5,12.61,12.2,0
B100803,0.345,1.402,1605.3,26.5,18.62,0
B100804,0.348,0.641,1547.2,17.03,5.31,0
B100805,0.363,0.862,1503.5,12.29,6.92,1
B100806,0.427,0.627,1588.4,29.76,15.06,0
B100807,0.343,1.109,1582.3,26.64,20.71,0
B100808,0.551,0.787,1578.6,21.27,22.84,1
B100809,0.293,0.509,1612.2,20.2,13.7,0
B100810,0.378,1.032,1678.6,22.64,21.36,0
B100811,0.347,0.47,1583.3,21.17,15.43,0
B100812,0.574,0.649,1609.4,15.25,5.81,0
B100813,0.424,0.268,1640.0,17.53,14.95,1
B100814,0.524,0.473,1630.5,31.76,11.29,0
B100815,0.222,0.954,1566.2,36.03,20.51,0
B100816,0.432,0.311,1605.3,29.38,14.85,0
B100817,0.507,0.456,1630.1,22.87,7.33,0
B100818,0.41,0.899,1537.9,17.97,6.0,0
B100819,0.528,0.737,1669.5,15.21,14.87,0
B100820,0.338,1.498,1678.7,15.61,2.0,1
B100821,0.569,1.45,1560.2,16.68,11.89,0
B100822,0.676,0.64,1610.7,32.91,16.39,1
B100823,0.356,1.067,1635.3,30.84,8.66,0
B100824,0.347,1.125,1570.0,24.48,20.96,0
B100825,0.574,0.721,1626.5,14.24,22.15,0
B100826,0.59,0.451,1609.0,25.36,8.9,0
B100827,0.337,0.896,1519.3,18.57,13.21,0
B100828,0.35,0.848,1625.3,7.08,20.97,0
B100829,0.366,0.769,1539.5,21.72,14.99,0
B100830,0.239,1.033,1651.7,14.95,6.63,1
B100831,0.29,0.675,1563.1,15.15,14.14,0
B100832,0.28,0.554,1591.1,18.5,9.88,0
B100833,0.308,0.933,1675.5,17.01,21.65,0
B100834,0.396,1.016,1627.3,19.79,18.64,0
B100835,0.428,0.547,1540.6,19.51,13.12,0
B100836,0.586,1.178,1544.2,8.75,15.85,0
B100837,0.28,0.369,1567.0,29.12,7.15,0
B100838,0.518,0.727,1621.7,14.1,10.48,0
B100839,0.374,0.823,1619.7,14.29,24.32,0
B100840,0.394,0.709,1553.6,18.03,15.32,1
B100841,0.481,0.73,1535.8,19.35,20.58,0
B100842,0.265,1.461,1615.5,28.75,16.39,0
B100843,0.446,0.645,1590.0,21.62,22.89,0
B100844,0.42,1.632,1718.6,23.4,3.01,1
B100845,0.459,1.031,1602.0,21.65,13.87,0
B100846,0.435,0.928,1699.8,21.39,24.87,0
B100847,0.695,1.043,1535.6,21.86,20.74,1
B100848,0.323,1.659,1513.5,8.4,22.95,1
B100849,0.336,0.602,1538.4,18.5,14.96,0
B100850,0.325,0.564,1665.4,26.97,11.78,0
B100851,0.333,0.674,1696.6,40.0,8.84,0
B100852,0.324,0.91,1557.0,12.77,8.42,0
B100853,0.543,0.382,1574.7,22.54,19.84,0
B100854,0.57,0.907,1535.7,16.57,18.08,1
B100855,0.332,1.408,1500.4,32.29,14.6,0
B100856,0.3,0.945,1639.5,11.88,18.05,0
B100857,0.457,0.812,1612.3,23.75,15.85,0
B100858,0.334,0.715,1600.6,11.56,20.77,0
B100859,0.476,1.17,1523.0,18.09,20.72,0
B100860,0.424,0.652,1690.2,19.79,8.6,0
B100861,0.218,1.454,1572.3,26.42,16.64,0
B100862,0.586,1.48,1629.3,13.54,4.99,0
B100863,0.616,0.977,1520.0,23.98,15.8,1
B100864,0.326,0.897,1589.5,20.11,18.63,0
B100865,0.353,1.209,1616.0,21.64,7.12,0
B100866,0.434,1.228,1618.0,25.75,12.5,0
B100867,0.44,0.658,1608.5,12.3,15.06,0
B100868,0.479,0.742,1627.2,24.86,16.4,0
B100869,0.641,0.503,1537.8,16.59,13.33,0
B100870,0.379,1.023,1610.9,26.58,7.97,0
B100871,0.304,1.1,1606.3,22.01,14.68,0
B100872,0.234,0.495,1612.7,18.74,5.09,1
B100873,0.312,0.763,1604.0,16.46,13.6,0
B100874,0.396,0.496,1530.0,24.94,12.35,1
B100875,0.615,0.63,1527.5,27.57,14.19,0
B100876,0.338,1.065,1478.2,16.8,11.64,1
B100877,0.427,0.68,1645.0,13.2,5.95,1
B100878,0.398,0.81,1645.5,24.17,12.8,1
B100879,0.543,0.412,1646.4,11.31,20.58,0
B100880,0.703,0.956,1616.9,12.17,22.57,1
B100881,0.336,0.887,1482.7,13.62,29.64,1
B100882,0.341,0.681,1543.5,17.51,25.15,1
B100883,0.525,0.843,1609.4,11.98,7.82,0
B100884,0.482,0.954,1607.5,8.37,12.55,0
B100885,0.622,0.656,1587.7,13.19,14.86,0
B100886,0.47,0.457,1620.3,23.85,14.49,0
B100887,0.357,1.442,1600.6,12.37,15.42,0
B100888,0.471,0.71,1606.6,17.96,29.45,0
B100889,0.533,0.871,1564.9,31.68,8.51,0
B100890,0.498,1.203,1654.0,19.7,10.72,0
B100891,0.461,1.959,1576.3,22.06,24.86,0
B100892,0.528,0.527,1526.8,14.32,11.3,1
B100893,0.54,1.035,1557.6,32.98,17.36,0
B100894,0.566,0.688,1580.8,16.75,21.21,0
B100895,0.478,0.738,1654.7,18.63,17.92,0
B100896,0.38,0.684,1597.7,27.9,16.15,1
B100897,0.418,0.562,1589.8,18.91,20.63,0
B100898,0.545,0.888,1531.3,20.29,9.64,1
B100899,0.302,0.458,1643.2,18.31,12.02,1
B100900,0.444,1.184,1564.1,18.35,18.21,0
B100901,0.353,0.917,1594.5,22.22,2.58,0
B100902,0.403,1.027,1681.4,23.32,23.5,0
B100903,0.553,0.76,1628.0,16.14,16.82,1
B100904,0.423,0.79,1510.4,15.4,15.92,0
B100905,0.406,0.986,1502.7,16.35,5.22,0
B100906,0.237,0.551,1596.5,11.59,7.28,0
B100907,0.49,0.793,1533.3,10.46,12.61,0
B100908,0.477,0.642,1635.7,21.78,19.84,1
B100909,0.66,0.633,1602.3,25.63,2.54,0
B100910,0.363,0.267,1609.1,25.23,19.73,0
B100911,0.426,1.302,1561.1,5.71,12.84,0
B100912,0.43,0.694,1695.8,18.53,13.66,0
B100913,0.589,1.249,1750.0,13.39,16.52,1
B100914,0.389,1.221,1584.7,20.86,16.62,1
B100915,0.433,0.514,1619.4,17.49,10.73,1
B100916,0.473,0.573,1605.4,23.55,18.75,0
B100917,0.422,1.668,1585.7,19.89,2.0,0
B100918,0.346,1.425,1554.2,8.62,12.3,0
B100919,0.423,0.891,1540.3,14.2,15.92,0
B100920,0.529,0.977,1537.5,20.03,12.93,0
B100921,0.277,0.711,1622.3,20.54,4.04,0
B100922,0.416,1.03,1571.4,11.57,19.55,0
B100923,0.316,0.685,1458.2,10.78,7.51,1
B100924,0.543,0.29,1624.5,20.34,14.59,0
B100925,0.217,0.504,1597.9,11.58,15.92,0
B100926,0.333,0.906,1674.1,9.99,15.12,0
B100927,0.445,0.561,1620.5,17.33,22.01,1
B100928,0.588,0.88,1518.7,17.07,14.68,0
B100929,0.392,0.578,1477.4,14.73,17.56,1
B100930,0.333,0.665,1560.4,15.78,14.66,0
B100931,0.626,1.156,1565.6,20.08,18.68,0
B100932,0.226,0.974,1651.9,15.68,23.36,1
B100933,0.136,0.897,1599.5,20.42,15.83,0
B100934,0.453,1.164,1662.4,17.72,19.69,0
B100935,0.34,1.044,1527.1,21.01,23.73,0
B100936,0.277,1.334,1653.1,25.27,23.14,0
B100937,0.485,0.762,1639.7,25.04,12.69,0
B100938,0.429,0.771,1489.0,27.73,21.22,1
B100939,0.332,0.51,1672.7,25.03,16.49,1
B100940,0.246,0.771,1605.1,21.43,21.7,0
B100941,0.505,1.189,1621.6,17.4,18.41,0
B100942,0.478,1.29,1552.4,17.67,16.65,0
B100943,0.388,1.188,1670.1,14.73,17.6,1
B100944,0.622,0.362,1534.8,20.03,16.53,0
B100945,0.272,1.225,1645.8,24.18,16.77,0
B100946,0.217,0.348,1645.1,15.65,14.05,1
B100947,0.317,1.169,1546.4,19.78,13.49,0
B100948,0.395,0.79,1709.1,15.94,25.58,1
B100949,0.429,1.111,1612.7,21.26,17.87,0
B100950,0.371,0.5,1636.0,16.7,11.56,0
B100951,0.442,1.251,1516.0,15.56,13.34,0
B100952,0.25,0.461,1716.5,15.92,21.34,0
B100953,0.573,0.699,1532.6,23.02,10.58,1
B100954,0.39,0.601,1656.4,19.42,6.11,0
B100955,0.534,0.374,1545.3,17.43,6.55,0
B100956,0.441,0.928,1566.0,21.57,4.63,0
B100957,0.455,1.442,1643.4,17.51,7.21,0
B100958,0.468,1.7,1656.5,26.76,7.91,0
B100959,0.454,0.929,1530.1,14.16,23.31,0
B100960,0.477,1.235,1660.0,18.88,14.72,0
B100961,0.559,0.97,1657.5,11.57,12.82,0
B100962,0.424,1.05,1548.4,17.92,6.34,0
B100963,0.485,0.797,1687.9,9.92,14.14,1
B100964,0.389,0.959,1519.9,24.48,4.58,1
B100965,0.573,1.061,1565.6,24.6,12.78,0
B100966,0.319,0.726,1626.3,24.71,27.39,0
B100967,0.616,0.877,1553.1,20.17,18.98,1
B100968,0.395,0.882,1614.5,14.72,13.74,0
B100969,0.228,1.148,1613.3,15.2,19.19,0
B100970,0.415,0.58,1589.7,29.18,11.87,0
B100971,0.318,0.885,1645.8,28.61,10.2,0
B100972,0.501,1.474,1587.4,20.74,25.22,1
B100973,0.322,1.249,1612.7,16.91,8.15,0
B100974,0.346,1.305,1663.1,28.21,12.88,0
B100975,0.173,0.907,1643.5,15.83,16.84,0
B100976,0.346,0.996,1643.2,21.37,9.38,0
B100977,0.109,1.201,1536.8,28.11,18.9,1
B100978,0.21,1.368,1628.9,14.98,13.16,0
B100979,0.491,0.315,1551.7,24.98,18.98,1
B100980,0.494,0.505,1529.5,23.12,18.52,1
B100981,0.451,1.293,1596.1,19.76,13.54,0
B100982,0.284,0.817,1550.3,14.04,25.26,1
B100983,0.394,0.698,1643.5,15.65,11.01,0
B100984,0.4,0.524,1644.8,21.74,23.09,0
B100985,0.261,0.733,1495.4,11.46,22.05,0
B100986,0.58,0.479,1554.4,20.78,25.63,0
B100987,0.505,1.527,1519.7,23.25,16.04,1
B100988,0.373,0.893,1574.6,25.91,10.27,0
B100989,0.403,0.883,1625.0,11.61,27.46,0
B100990,0.425,1.076,1586.7,27.9,12.99,0
B100991,0.155,1.189,1567.6,30.17,10.12,0
B100992,0.37,1.184,1671.5,22.46,13.86,0
B100993,0.318,1.222,1473.2,13.77,9.11,0
B100994,0.28,0.711,1668.0,18.03,18.16,0
B100995,0.366,0.811,1570.1,19.71,11.37,0
B100996,0.616,1.131,1595.7,21.62,13.28,0
B100997,0.477,0.742,1571.0,20.13,20.81,0
B100998,0.331,0.898,1684.9,21.69,18.74,0
B100999,0.469,1.02,1532.3,19.46,15.09,0
B101000,0.568,1.136,1600.6,21.59,16.03,0
B101001,0.511,0.367,1629.0,17.24,15.07,0
B101002,0.407,1.114,1511.4,17.97,12.41,0
B101003,0.322,0.83,1549.4,16.54,14.98,0
B101004,0.484,1.112,1591.9,31.5,17.95,0
B101005,0.447,1.133,1551.2,28.78,14.24,0
B101006,0.507,1.382,1555.1,23.33,17.52,1
B101007,0.476,1.306,1580.8,27.95,9.98,0
B101008,0.526,1.304,1635.7,24.79,11.38,0
B101009,0.336,1.333,1581.2,21.09,10.59,0
B101010,0.558,0.987,1659.3,10.97,11.61,0
B101011,0.424,0.91,1545.1,18.43,22.72,0
B101012,0.649,1.162,1531.1,17.99,19.36,1
B101013,0.317,1.12,1705.9,13.2,8.54,1
B101014,0.608,0.807,1563.8,11.08,17.62,0
B101015,0.424,1.021,1527.9,22.96,12.66,0
B101016,0.322,0.889,1504.2,21.95,10.91,0
B101017,0.342,0.644,1659.1,13.0,6.09,1
B101018,0.362,1.287,1581.2,15.52,20.83,0
B101019,0.451,0.917,1586.0,26.97,6.82,0
B101020,0.463,1.515,1591.2,14.73,14.69,0
B101021,0.331,0.412,1655.7,21.02,9.32,0
B101022,0.397,0.733,1590.1,18.86,19.66,0
B101023,0.657,0.91,1728.9,23.04,12.99,1
B101024,0.607,1.241,1607.4,14.86,14.19,0
B101025,0.452,1.02,1658.4,20.54,14.4,0
B101026,0.405,0.993,1644.3,21.01,16.82,0
B101027,0.414,0.562,1598.0,21.38,15.08,0
B101028,0.474,0.553,1567.7,20.47,14.74,1
B101029,0.277,0.997,1618.3,22.07,11.89,1
B101030,0.369,0.491,1628.1,33.15,5.55,0
B101031,0.2,0.74,1568.5,35.37,8.29,0
B101032,0.448,1.05,1609.1,16.16,19.31,0
B101033,0.478,0.605,1668.0,6.09,13.17,1
B101034,0.342,1.382,1713.8,23.57,11.02,0
B101035,0.589,1.267,1647.0,21.12,6.57,0
B101036,0.253,0.429,1702.5,26.37,4.68,1
B101037,0.224,0.62,1565.4,21.71,10.78,0
B101038,0.427,0.214,1638.6,20.35,20.33,0
B101039,0.526,0.665,1673.6,26.77,11.66,0
B101040,0.602,1.13,1550.7,27.61,17.4,0
B101041,0.345,0.776,1573.3,11.68,11.38,0
B101042,0.529,1.038,1695.6,15.1,18.83,1
B101043,0.395,0.443,1546.4,19.37,12.89,0
B101044,0.379,1.139,1526.2,20.59,7.61,0
B101045,0.506,0.733,1684.0,18.64,13.39,0
B101046,0.478,0.904,1665.8,22.61,26.0,0
B101047,0.211,0.872,1623.8,25.98,25.74,0
B101048,0.577,0.519,1597.5,30.34,17.92,1
B101049,0.566,0.554,1575.9,23.47,14.18,1
B101050,0.325,1.19,1615.5,14.89,16.82,0
B101051,0.447,1.02,1686.9,19.12,16.9,0
B101052,0.459,1.215,1613.1,19.55,14.76,0
B101053,0.431,0.997,1719.2,23.09,17.65,0
B101054,0.334,0.943,1550.6,22.33,16.25,0
B101055,0.319,0.382,1598.9,32.3,13.1,0
B101056,0.397,0.819,1579.5,17.23,7.83,0
B101057,0.541,0.892,1540.3,22.31,12.24,0
B101058,0.465,1.486,1591.6,34.13,19.8,1
B101059,0.356,1.106,1623.0,16.49,14.81,0
B101060,0.493,1.361,1628.8,20.87,16.8,0
B101061,0.058,1.079,1719.4,14.33,13.3,0
B101062,0.538,0.687,1625.5,20.49,8.64,0
B101063,0.191,0.935,1663.3,15.32,13.57,0
B101064,0.357,0.971,1603.6,26.28,8.87,0
B101065,0.266,0.618,1692.3,20.88,8.48,0
B101066,0.245,0.785,1731.9,14.39,22.23,0
B101067,0.539,0.838,1629.2,25.04,12.48,0
B101068,0.344,1.382,1545.4,21.08,10.55,0
B101069,0.442,0.276,1569.8,25.72,24.71,1
B101070,0.394,1.262,1615.5,13.11,19.89,0
B101071,0.457,0.619,1625.1,22.21,12.77,0
B101072,0.409,0.488,1638.4,24.64,17.57,1
B101073,0.246,1.254,1625.3,17.46,13.59,0
B101074,0.52,1.12,1600.4,12.45,10.84,0
B101075,0.341,1.276,1565.0,19.75,17.85,0
B101076,0.213,1.14,1622.1,27.37,13.05,0
B101077,0.349,1.518,1702.0,26.76,15.45,0
B101078,0.58,1.068,1656.1,17.43,21.13,0
B101079,0.502,0.853,1629.4,12.3,20.47,0
B101080,0.358,1.003,1656.6,17.41,11.7,0
B101081,0.358,1.273,1579.6,17.19,17.92,0
B101082,0.361,0.666,1572.0,22.68,8.23,1
B101083,0.649,0.704,1558.9,19.37,17.7,0
B101084,0.446,0.807,1593.1,15.48,15.89,0
B101085,0.452,0.269,1576.8,26.63,17.27,1
B101086,0.524,0.941,1666.5,20.84,13.22,0
B101087,0.429,0.334,1573.9,22.61,27.5,1
B101088,0.369,0.916,1555.9,9.65,9.59,0
B101089,0.376,1.16,1706.8,5.45,20.83,1
B101090,0.391,0.757,1575.2,11.37,8.81,0
B101091,0.396,1.403,1608.4,17.12,18.03,0
B101092,0.487,0.462,1624.8,23.46,18.45,0
B101093,0.406,1.257,1537.5,5.95,15.33,1
B101094,0.488,1.103,1668.0,29.56,12.03,1
B101095,0.39,0.385,1635.0,21.02,15.85,0
B101096,0.409,1.713,1685.7,28.16,16.6,0
B101097,0.16,0.881,1562.6,14.68,25.74,0
B101098,0.51,0.637,1605.5,23.02,9.77,0
B101099,0.442,0.478,1602.2,20.51,11.66,0
B101100,0.52,0.834,1614.5,24.91,16.71,1
B101101,0.052,0.862,1520.0,18.6,13.46,1
B101102,0.651,0.931,1606.1,22.84,14.4,0
B101103,0.383,0.811,1521.5,26.61,21.42,1
B101104,0.533,1.09,1619.7,16.09,2.0,0
B101105,0.275,0.784,1482.9,21.45,11.41,1
B101106,0.474,0.32,1498.2,8.67,4.55,1
B101107,0.274,0.855,1645.0,24.22,7.83,1
B101108,0.325,0.19,1569.9,31.73,29.43,1
B101109,0.63,1.006,1545.7,12.53,18.59,1
B101110,0.377,0.606,1669.9,19.45,20.71,0
B101111,0.426,0.949,1618.0,25.28,14.52,0
B101112,0.504,1.294,1648.0,20.19,19.55,0
B101113,0.459,0.615,1590.9,20.99,4.4,1
B101114,0.418,1.218,1747.4,17.65,21.23,1
B101115,0.444,0.77,1566.8,17.43,10.08,0
B101116,0.688,1.426,1695.9,19.48,11.81,1
B101117,0.393,0.79,1596.6,20.25,18.03,0
B101118,0.424,0.648,1509.0,12.91,16.9,1
B101119,0.526,1.106,1626.6,19.6,15.51,0
B101120,0.533,0.769,1617.3,29.41,6.82,1
B101121,0.542,0.648,1542.2,17.49,15.6,0
B101122,0.477,0.757,1549.3,12.58,20.76,0
B101123,0.263,0.887,1598.6,19.09,11.81,0
B101124,0.596,1.303,1619.2,15.71,22.89,0
B101125,0.262,0.32,1464.1,11.97,9.76,1
B101126,0.436,0.907,1657.9,20.84,15.04,0
B101127,0.309,1.087,1572.8,15.74,24.21,0
B101128,0.392,0.958,1526.8,16.25,10.91,1
B101129,0.439,1.293,1651.8,20.92,21.32,0
B101130,0.439,0.878,1598.7,10.8,26.85,0
B101131,0.451,0.845,1666.9,9.55,16.03,0
B101132,0.594,1.078,1624.1,24.03,11.84,0
B101133,0.454,0.93,1599.9,8.41,10.36,0
B101134,0.371,0.783,1591.6,14.14,22.83,0
B101135,0.516,1.055,1626.5,9.2,22.66,0
B101136,0.543,0.704,1577.3,17.08,23.7,0
B101137,0.253,0.717,1553.1,22.57,14.8,0
B101138,0.472,0.742,1633.5,20.67,21.23,0
B101139,0.484,1.306,1592.1,34.35,14.71,0
B101140,0.364,0.1,1601.8,26.52,9.7,0
B101141,0.565,1.019,1659.9,14.41,21.75,0
B101142,0.382,0.91,1593.7,12.82,24.8,0
B101143,0.415,0.396,1600.8,36.24,8.88,0
B101144,0.379,0.993,1567.0,26.38,8.76,0
B101145,0.402,1.043,1623.7,23.54,15.24,0
B101146,0.268,1.077,1619.2,20.45,20.74,0
B101147,0.227,0.104,1649.5,21.64,8.2,1
B101148,0.591,1.31,1568.1,11.11,16.36,0
B101149,0.298,0.679,1574.8,20.94,11.46,0
B101150,0.281,1.106,1643.6,20.43,19.2,1
B101151,0.142,1.122,1613.9,14.58,10.21,0
B101152,0.323,0.637,1550.2,16.77,19.63,0
B101153,0.241,1.098,1671.9,29.09,14.05,0
B101154,0.597,0.784,1506.6,19.25,9.38,1
B101155,0.521,0.279,1643.1,32.43,15.38,1
B101156,0.317,1.25,1530.4,9.56,3.37,1
B101157,0.67,0.667,1703.7,16.87,11.65,1
B101158,0.518,0.644,1515.0,10.72,17.02,1
B101159,0.361,0.779,1663.4,12.74,4.37,0
B101160,0.1,0.982,1595.5,15.03,2.0,0
B101161,0.675,0.883,1579.8,21.89,2.0,0
B101162,0.233,1.064,1610.2,21.6,22.96,0
B101163,0.203,0.498,1634.8,15.92,14.54,0
B101164,0.523,0.677,1550.3,6.63,11.81,0
B101165,0.693,0.865,1555.1,28.87,20.67,1
B101166,0.566,1.469,1635.7,18.29,12.57,1
B101167,0.468,0.866,1506.1,13.3,16.61,0
B101168,0.471,1.226,1567.9,21.65,15.15,0
B101169,0.502,0.912,1750.0,21.23,12.17,1
B101170,0.491,0.755,1546.8,18.06,16.76,1
B101171,0.434,0.826,1663.1,20.89,19.64,0
B101172,0.413,0.849,1567.8,13.07,13.89,0
B101173,0.392,1.081,1628.0,24.56,12.24,0
B101174,0.31,1.312,1636.0,14.02,12.94,0
B101175,0.366,1.008,1662.1,16.37,2.0,1
B101176,0.197,1.256,1589.0,23.89,16.7,0
B101177,0.388,0.611,1709.4,27.22,7.75,1
B101178,0.281,0.776,1567.6,29.51,18.78,1
B101179,0.268,0.683,1612.9,26.33,14.46,0
B101180,0.422,0.994,1613.5,18.06,15.63,1
B101181,0.567,0.792,1538.3,10.75,19.2,1
B101182,0.51,1.119,1584.3,28.43,9.44,0
B101183,0.212,0.621,1608.9,28.22,17.22,0
B101184,0.281,0.913,1576.2,15.97,16.61,0
B101185,0.513,1.106,1734.3,25.53,13.89,1
B101186,0.282,0.28,1553.9,18.01,9.43,0
B101187,0.373,1.536,1664.9,29.01,18.57,0
B101188,0.466,0.815,1647.1,16.91,19.22,0
B101189,0.284,0.292,1599.2,31.87,15.68,0
B101190,0.413,0.947,1552.4,24.72,8.58,0
B101191,0.24,0.91,1557.7,30.79,11.84,0
B101192,0.328,0.875,1571.5,17.22,14.64,0
B101193,0.438,1.197,1501.8,22.43,19.13,1
B101194,0.209,1.124,1544.8,14.18,5.5,0
B101195,0.453,0.989,1518.5,25.06,11.62,1
B101196,0.398,1.035,1674.0,25.39,12.58,0
B101197,0.466,0.869,1634.0,34.38,14.5,0
B101198,0.427,1.433,1643.2,22.89,7.19,0
B101199,0.564,0.456,1632.4,24.34,13.69,0
B101200,0.415,0.942,1609.2,17.18,13.14,0
B101201,0.348,0.92,1680.3,23.25,8.77,1
B101202,0.415,1.144,1566.4,17.72,14.29,0
B101203,0.465,0.647,1605.9,20.7,11.75,0
B101204,0.406,0.377,1641.1,21.05,17.97,0
B101205,0.405,0.947,1527.3,17.89,9.69,1
B101206,0.316,0.984,1750.0,20.38,15.54,1
B101207,0.32,1.347,1601.6,17.75,10.15,0
B101208,0.232,0.519,1607.8,17.72,11.4,0
B101209,0.61,1.246,1669.1,26.46,16.78,0
B101210,0.251,1.61,1650.3,21.05,16.41,0
B101211,0.317,0.787,1602.1,22.08,12.5,0
B101212,0.314,0.513,1607.2,11.26,13.38,0
B101213,0.507,0.778,1517.3,22.54,6.28,1
B101214,0.365,0.904,1569.4,23.18,23.42,0
B101215,0.55,1.069,1628.4,17.61,19.12,0
B101216,0.319,0.723,1624.4,32.51,18.91,0
B101217,0.433,1.367,1667.2,6.26,5.43,0
B101218,0.3,0.566,1593.4,24.71,11.43,0
B101219,0.657,0.378,1523.7,24.28,12.99,1
B101220,0.257,1.232,1658.1,23.25,3.41,0
B101221,0.437,0.218,1679.0,21.06,20.34,0
B101222,0.476,0.839,1649.4,23.3,23.72,0
B101223,0.45,1.835,1591.0,25.21,27.37,0
B101224,0.378,0.896,1657.4,15.64,8.72,0
B101225,0.384,0.564,1750.0,21.8,15.7,1
B101226,0.405,0.883,1606.3,18.9,22.94,0
B101227,0.382,0.885,1527.9,13.44,13.48,0
B101228,0.516,0.948,1567.8,24.3,11.6,0
B101229,0.665,1.099,1634.4,16.61,3.8,0
B101230,0.333,0.588,1511.7,11.01,21.8,0
B101231,0.236,1.406,1609.3,16.77,14.88,0
B101232,0.389,0.974,1620.9,15.21,10.62,0
B101233,0.71,1.118,1684.4,26.17,16.7,1
B101234,0.304,0.712,1672.1,20.92,15.92,1
B101235,0.597,1.286,1647.6,28.29,16.01,0
B101236,0.601,0.823,1481.1,16.0,13.7,0
B101237,0.334,0.983,1650.7,25.25,24.73,0
B101238,0.468,0.62,1638.8,37.04,14.2,0
B101239,0.595,0.601,1614.1,22.14,24.72,0
B101240,0.355,1.106,1504.8,25.17,18.38,1
B101241,0.376,0.767,1557.3,24.16,17.11,0
B101242,0.33,0.644,1535.8,11.47,14.32,0
B101243,0.278,0.707,1489.2,23.51,20.84,1
B101244,0.322,1.11,1599.8,21.84,15.68,0
B101245,0.253,0.711,1556.1,18.44,9.41,0
B101246,0.404,0.865,1744.4,14.7,9.21,1
B101247,0.308,0.905,1590.7,24.16,17.53,0
B101248,0.428,0.325,1671.2,14.17,9.56,1
B101249,0.213,0.459,1513.7,32.8,14.63,1
B101250,0.44,1.001,1570.8,20.69,21.34,0
B101251,0.5,0.679,1605.3,12.66,16.82,0
B101252,0.161,1.217,1550.1,16.92,10.67,0
B101253,0.445,1.19,1576.8,18.33,23.46,0
B101254,0.547,1.116,1588.0,34.47,18.29,0
B101255,0.255,1.446,1587.1,14.69,21.11,0
B101256,0.601,0.875,1702.0,19.3,2.0,1
B101257,0.45,1.095,1620.8,16.77,16.99,0
B101258,0.315,0.725,1626.4,23.0,20.05,0
B101259,0.393,1.636,1629.7,16.87,25.2,0
B101260,0.467,1.495,1633.7,13.17,6.22,0
B101261,0.409,0.904,1595.4,18.83,22.24,0
B101262,0.465,1.016,1582.4,18.2,24.87,0
B101263,0.29,1.308,1609.2,16.45,2.9,1
B101264,0.42,0.856,1663.6,16.77,17.87,1
B101265,0.23,0.703,1661.9,27.11,18.71,0
B101266,0.387,1.162,1586.8,18.08,13.04,0
B101267,0.292,0.924,1642.2,13.2,12.06,0
B101268,0.312,0.955,1589.3,17.23,19.01,0
B101269,0.548,0.65,1601.9,20.33,11.31,1
B101270,0.531,0.385,1574.0,11.98,13.7,0
B101271,0.473,0.971,1590.0,29.76,19.87,0
B101272,0.269,1.171,1673.8,25.21,25.52,1
B101273,0.362,0.832,1605.1,28.58,18.23,0
B101274,0.546,1.331,1607.4,22.35,15.8,0
B101275,0.417,0.689,1520.4,7.44,11.9,0
B101276,0.678,0.584,1583.0,29.21,8.94,1
B101277,0.447,0.88,1586.7,14.82,21.66,0
B101278,0.423,0.875,1554.4,15.31,14.08,0
B101279,0.363,1.131,1601.2,20.94,21.9,0
B101280,0.416,0.668,1576.4,28.27,13.02,0
B101281,0.382,1.31,1604.4,26.32,11.1,0
B101282,0.485,1.49,1606.7,25.44,17.52,0
B101283,0.515,0.888,1547.4,18.13,14.54,0
B101284,0.306,1.275,1578.1,18.03,7.77,0
B101285,0.24,0.583,1604.3,22.08,25.9,0
B101286,0.18,1.223,1665.1,19.22,11.24,1
B101287,0.461,1.214,1614.1,25.34,20.57,0
B101288,0.268,1.159,1563.6,24.98,20.05,0
B101289,0.142,0.895,1621.9,23.55,7.44,0
B101290,0.447,0.1,1693.9,5.0,8.99,1
B101291,0.699,0.707,1650.4,20.77,13.19,0
B101292,0.399,0.712,1630.1,19.35,9.81,0
B101293,0.501,0.607,1639.9,21.01,25.36,0
B101294,0.41,0.937,1679.2,15.47,13.8,0
B101295,0.388,0.774,1659.2,12.05,20.34,0
B101296,0.51,0.653,1631.2,22.78,18.08,0
B101297,0.365,0.582,1658.8,17.86,16.58,0
B101298,0.432,0.685,1540.5,23.45,15.24,0
B101299,0.439,1.236,1517.4,15.97,22.42,1
B101300,0.32,0.702,1608.6,28.5,10.05,0
B101301,0.519,0.746,1603.8,26.01,25.36,0
B101302,0.379,0.763,1570.1,21.78,7.28,0
B101303,0.309,1.002,1645.4,18.72,19.69,0
B101304,0.464,1.037,1497.5,25.11,6.57,0
B101305,0.292,0.1,1570.6,22.36,13.11,0
B101306,0.403,1.206,1573.3,21.43,15.56,0
B101307,0.399,1.331,1510.0,26.26,12.08,1
B101308,0.53,0.585,1682.2,28.56,13.91,1
B101309,0.457,0.608,1525.2,12.49,6.68,1
B101310,0.397,0.765,1567.6,13.7,9.08,0
B101311,0.498,0.673,1649.9,15.32,17.99,0
B101312,0.567,0.967,1635.5,10.99,15.18,0
B101313,0.467,0.316,1539.1,19.62,10.86,1
B101314,0.401,0.565,1637.5,23.6,22.95,0
B101315,0.243,1.362,1615.9,19.87,7.68,1
B101316,0.272,0.622,1728.3,16.8,12.83,1
B101317,0.363,1.273,1622.2,26.76,11.97,0
B101318,0.327,1.007,1592.2,20.84,18.69,0
B101319,0.378,0.357,1552.9,22.06,15.29,0
B101320,0.407,1.091,1559.1,26.93,14.35,0
B101321,0.464,0.865,1554.6,19.26,3.93,0
B101322,0.392,0.763,1675.4,32.36,20.19,0
B101323,0.458,0.973,1601.0,17.31,13.69,0
B101324,0.408,1.042,1631.1,31.99,15.69,0
B101325,0.163,1.112,1683.3,14.15,10.51,1
B101326,0.287,1.253,1470.3,23.1,9.57,1
B101327,0.383,1.022,1670.3,16.14,24.0,1
B101328,0.255,0.487,1603.0,26.72,4.36,0
B101329,0.472,0.758,1623.9,17.13,8.67,0
B101330,0.584,1.783,1554.4,21.75,23.88,0
B101331,0.546,1.117,1558.5,16.1,18.84,0
B101332,0.374,1.611,1626.9,25.62,13.05,0
B101333,0.579,1.319,1731.2,16.07,22.48,1
B101334,0.418,0.973,1655.2,30.1,17.68,0
B101335,0.36,0.99,1669.6,14.02,16.4,0
B101336,0.326,0.889,1589.4,11.93,16.35,0
B101337,0.364,0.379,1567.0,25.71,17.79,1
B101338,0.353,0.905,1557.1,16.45,18.03,0
B101339,0.42,1.263,1573.1,19.96,28.18,0
B101340,0.419,0.72,1487.1,18.07,13.83,0
B101341,0.4,1.024,1560.1,12.12,14.02,0
B101342,0.452,1.155,1569.2,19.54,7.58,0
B101343,0.543,0.627,1590.4,27.59,14.69,0
B101344,0.514,0.765,1607.2,26.02,26.18,0
B101345,0.222,0.595,1619.9,21.39,20.91,0
B101346,0.094,0.653,1599.2,26.67,11.74,1
B101347,0.512,0.514,1568.0,13.64,15.18,0
B101348,0.236,0.63,1492.0,18.05,7.22,1
B101349,0.373,1.326,1568.4,22.37,9.19,1
B101350,0.26,0.625,1546.5,19.22,15.9,0
B101351,0.184,0.938,1625.6,18.52,12.03,0
B101352,0.465,0.749,1650.0,12.8,8.73,0
B101353,0.491,1.254,1651.6,7.51,17.94,1
B101354,0.331,1.293,1641.6,24.91,14.51,0
B101355,0.089,1.159,1592.7,21.46,5.59,0
B101356,0.334,0.992,1571.3,25.41,2.55,0
B101357,0.447,0.831,1558.9,17.38,11.58,0
B101358,0.223,0.542,1517.1,15.72,5.47,1
B101359,0.422,1.483,1654.6,20.04,3.79,1
B101360,0.398,0.672,1590.4,25.13,21.77,0
B101361,0.47,1.099,1531.5,18.61,14.41,0
B101362,0.414,1.218,1554.5,24.81,13.41,0
B101363,0.283,0.733,1552.3,13.96,13.87,0
B101364,0.544,1.211,1602.4,19.03,8.17,0
B101365,0.381,1.129,1658.7,19.58,17.47,0
B101366,0.397,1.418,1580.9,27.36,14.22,0
B101367,0.288,0.759,1476.1,21.25,10.46,1
B101368,0.347,0.514,1589.6,30.48,11.35,0
B101369,0.294,0.748,1591.4,11.91,7.64,0
B101370,0.379,0.963,1587.6,20.78,12.56,0
B101371,0.605,0.917,1565.5,21.08,13.56,0
B101372,0.235,0.782,1612.0,23.72,12.41,0
B101373,0.206,0.327,1603.6,15.12,15.33,1
B101374,0.577,1.041,1598.6,30.11,14.53,0
B101375,0.375,1.492,1622.7,20.08,16.38,0
B101376,0.32,1.039,1576.4,13.48,20.66,0
B101377,0.525,1.083,1573.2,19.9,18.56,0
B101378,0.327,1.072,1675.9,18.12,20.73,1
B101379,0.619,1.019,1630.8,36.7,9.91,0
B101380,0.481,1.179,1645.5,26.3,11.95,0
B101381,0.341,1.019,1667.4,20.3,18.92,0
B101382,0.659,0.806,1628.9,19.33,19.03,0
B101383,0.327,0.661,1651.1,25.71,10.93,0
B101384,0.489,0.825,1513.1,25.99,18.67,0
B101385,0.436,0.994,1611.2,5.0,9.34,0
B101386,0.556,0.805,1590.0,23.86,17.89,0
B101387,0.587,0.994,1692.3,20.17,14.84,1
B101388,0.404,1.032,1651.0,12.13,6.69,0
B101389,0.31,1.15,1565.3,25.28,12.4,0
B101390,0.455,1.285,1620.5,33.48,28.09,0
B101391,0.319,0.923,1609.2,23.34,16.22,0
B101392,0.642,0.508,1625.0,26.6,28.8,0
B101393,0.416,0.796,1544.0,30.82,6.34,1
B101394,0.356,0.913,1619.8,15.02,19.5,0
B101395,0.422,0.349,1587.5,8.85,2.0,1
B101396,0.238,1.317,1615.5,23.94,15.0,0
B101397,0.283,0.943,1560.2,18.51,18.79,0
B101398,0.544,1.014,1567.8,11.75,20.03,0
B101399,0.321,1.31,1664.6,19.53,10.2,0
B101400,0.274,0.711,1542.2,24.37,21.23,0
B101401,0.464,1.072,1546.2,19.11,11.8,0
B101402,0.542,0.867,1597.2,15.28,14.02,0
B101403,0.486,0.845,1557.5,18.66,12.4,0
B101404,0.52,0.668,1551.3,19.88,8.18,0
B101405,0.309,1.4,1605.8,8.42,24.42,0
B101406,0.229,0.787,1517.2,19.14,15.29,0
B101407,0.58,1.11,1544.6,11.93,21.52,1
B101408,0.361,0.337,1713.0,23.95,21.27,1
B101409,0.37,1.254,1625.3,10.63,9.19,0
B101410,0.559,1.216,1558.9,26.08,22.3,0
B101411,0.467,0.929,1623.0,17.55,18.02,0
B101412,0.455,0.832,1631.2,16.74,8.75,0
B101413,0.66,1.02,1654.7,21.77,17.69,1
B101414,0.323,1.587,1593.0,14.8,8.86,0
B101415,0.511,0.371,1653.7,21.67,24.64,0
B101416,0.407,1.135,1487.9,15.61,19.88,0
B101417,0.432,0.627,1541.9,16.66,14.57,0
B101418,0.583,0.894,1609.0,22.43,22.59,0
B101419,0.461,0.826,1618.1,13.17,5.51,0
B101420,0.465,0.772,1549.9,12.41,10.5,1
B101421,0.529,0.897,1614.3,21.49,13.49,0
B101422,0.356,0.56,1565.7,19.84,28.41,1
B101423,0.299,1.209,1584.8,21.01,8.58,0
B101424,0.275,0.362,1656.4,21.97,4.76,0
B101425,0.164,1.062,1650.0,20.34,6.33,1
B101426,0.647,0.802,1545.2,23.65,20.44,0
B101427,0.268,0.549,1541.9,20.58,11.43,0
B101428,0.373,0.961,1577.4,7.96,14.05,0
B101429,0.367,0.433,1598.5,9.51,19.58,0
B101430,0.437,0.912,1563.8,31.57,14.05,0
B101431,0.498,0.473,1657.2,20.0,16.22,1
B101432,0.503,1.038,1619.1,25.7,18.21,1
B101433,0.33,0.623,1622.3,17.93,12.42,0
B101434,0.38,0.765,1530.3,19.65,14.0,0
B101435,0.434,0.988,1664.2,17.28,16.45,1
B101436,0.37,0.668,1450.0,34.8,20.21,1
B101437,0.593,0.883,1645.9,21.52,10.25,0
B101438,0.459,0.446,1651.4,16.79,2.0,0
B101439,0.488,1.089,1576.2,10.09,19.08,0
B101440,0.48,1.429,1670.0,31.84,20.57,0
B101441,0.541,1.738,1596.5,19.02,16.2,0
B101442,0.422,0.927,1603.4,24.47,16.61,0
B101443,0.244,1.136,1618.7,25.14,11.61,1
B101444,0.448,0.366,1750.0,17.22,18.0,1
B101445,0.322,1.351,1673.9,24.03,20.12,0
B101446,0.337,1.133,1638.6,16.38,15.34,0
B101447,0.47,0.755,1549.8,14.06,29.95,0
B101448,0.549,1.271,1607.9,26.99,5.62,1
B101449,0.403,0.824,1555.3,19.05,15.98,0
B101450,0.437,0.763,1645.2,23.11,7.95,0
B101451,0.604,1.043,1607.7,22.47,20.28,0
B101452,0.429,0.581,1538.2,23.83,5.51,0
B101453,0.712,1.206,1604.5,10.66,7.0,0
B101454,0.468,0.583,1553.3,16.49,11.2,0
B101455,0.189,0.585,1608.3,18.05,16.59,0
B101456,0.49,0.627,1552.8,15.01,11.43,0
B101457,0.446,1.128,1601.5,22.57,11.49,0
B101458,0.555,0.715,1641.3,27.12,13.91,0
B101459,0.481,0.496,1597.1,28.07,13.55,1
B101460,0.383,0.718,1578.5,17.96,23.92,1
B101461,0.253,0.89,1611.2,21.75,19.12,1
B101462,0.375,0.546,1638.3,22.67,13.05,0
B101463,0.298,0.554,1539.1,23.73,27.58,1
B101464,0.33,1.533,1614.3,14.73,17.95,0
B101465,0.471,0.642,1672.5,30.92,9.19,1
B101466,0.6,0.803,1631.6,25.56,16.54,0
B101467,0.447,0.79,1603.2,25.72,18.21,0
B101468,0.256,0.774,1635.2,27.22,10.87,0
B101469,0.453,1.086,1624.9,23.2,8.68,0
B101470,0.544,1.184,1641.4,13.84,15.52,0
B101471,0.327,0.808,1488.7,19.17,12.84,1
B101472,0.384,0.529,1514.6,10.09,23.87,1
B101473,0.402,1.282,1655.3,22.49,19.45,0
B101474,0.306,0.871,1517.2,18.98,11.16,0
B101475,0.478,1.419,1622.1,19.76,17.56,0
B101476,0.385,0.226,1580.6,27.22,22.6,0
B101477,0.45,0.959,1545.2,17.26,6.64,1
B101478,0.294,1.476,1619.2,18.49,8.86,0
B101479,0.348,0.794,1611.1,20.13,14.93,0
B101480,0.487,0.832,1716.1,8.96,15.21,1
B101481,0.355,0.989,1565.6,18.4,14.69,1
B101482,0.607,0.732,1679.2,5.09,13.14,0
B101483,0.352,0.806,1619.4,16.49,13.04,1
B101484,0.427,0.799,1563.6,25.13,17.31,0
B101485,0.512,0.712,1644.0,22.68,21.8,1
B101486,0.23,1.269,1631.1,16.43,12.11,1
B101487,0.189,1.038,1602.0,20.24,29.63,0
B101488,0.217,0.975,1614.6,13.55,26.76,0
B101489,0.552,1.143,1567.2,19.99,22.98,1
B101490,0.334,0.821,1554.6,37.58,18.73,0
B101491,0.707,0.668,1641.8,31.07,27.05,1
B101492,0.332,0.719,1587.7,20.32,13.26,0
B101493,0.422,0.901,1595.6,20.96,10.0,0
B101494,0.585,0.582,1615.4,14.12,11.84,1
B101495,0.641,0.75,1614.6,15.19,8.98,0
B101496,0.647,0.745,1521.4,22.17,15.73,1
B101497,0.545,1.537,1670.7,16.85,16.8,0
B101498,0.523,0.1,1606.7,25.42,16.21,1
B101499,0.471,0.846,1588.9,29.42,14.93,0
B101500,0.493,1.418,1623.7,22.0,15.8,0
B101501,0.334,0.937,1613.0,20.61,25.42,0
B101502,0.302,1.126,1642.2,9.92,18.72,0
B101503,0.4,0.93,1629.6,24.49,20.54,1
B101504,0.38,0.7,1639.5,13.14,16.14,0
B101505,0.346,0.227,1674.3,17.49,5.31,0
B101506,0.484,0.962,1648.6,25.76,4.12,0
B101507,0.515,0.667,1591.2,26.18,27.5,0
B101508,0.411,0.66,1538.2,17.2,11.81,0
B101509,0.577,0.75,1691.7,17.55,11.3,1
B101510,0.263,1.423,1586.9,15.8,16.47,1
B101511,0.377,1.621,1574.0,12.81,18.3,0
B101512,0.314,0.965,1504.5,16.19,19.06,1
B101513,0.176,0.761,1618.6,10.32,25.65,1
B101514,0.39,0.547,1608.2,24.1,24.0,0
B101515,0.385,1.041,1516.7,22.37,10.13,0
B101516,0.582,1.435,1624.9,23.36,20.81,1
B101517,0.476,0.826,1572.6,14.27,12.7,1
B101518,0.277,0.186,1748.0,12.83,14.17,1
B101519,0.622,1.101,1568.7,20.32,8.44,0
B101520,0.547,1.196,1576.1,20.38,4.84,0
B101521,0.47,0.424,1551.9,19.12,14.81,0
B101522,0.373,0.953,1670.3,18.26,9.26,1
B101523,0.285,1.035,1579.5,30.26,20.57,1
B101524,0.355,0.878,1560.1,22.56,13.31,0
B101525,0.531,0.663,1638.9,31.82,16.85,0
B101526,0.626,1.205,1524.1,27.61,23.21,1
B101527,0.585,0.779,1634.4,30.22,6.09,0
B101528,0.341,0.454,1698.0,13.55,10.65,0
B101529,0.266,0.285,1631.2,23.56,16.09,0
B101530,0.417,1.278,1635.1,17.41,16.88,0
B101531,0.188,1.085,1647.9,10.02,21.62,0
B101532,0.439,0.926,1694.0,28.98,20.2,0
B101533,0.382,0.768,1666.5,18.24,15.58,0
B101534,0.344,0.741,1624.2,13.67,16.82,1
B101535,0.209,0.577,1649.7,17.51,16.99,1
B101536,0.462,0.771,1551.3,15.22,6.18,0
B101537,0.336,0.264,1642.7,15.84,14.06,0
B101538,0.26,0.679,1544.7,18.67,16.49,0
B101539,0.055,0.807,1579.8,30.38,17.75,1
B101540,0.397,1.083,1450.0,16.0,9.45,1
B101541,0.613,0.888,1622.1,29.96,7.39,0
B101542,0.599,1.138,1564.6,25.09,13.59,1
B101543,0.345,1.305,1661.1,22.38,26.8,1
B101544,0.328,1.217,1621.5,24.49,10.08,0
B101545,0.456,1.041,1661.8,20.08,22.04,0
B101546,0.28,0.904,1540.4,27.72,24.51,1
B101547,0.436,0.606,1657.1,23.4,15.27,0
B101548,0.492,1.122,1715.8,10.01,10.92,1
B101549,0.547,1.404,1642.0,21.78,18.08,0
B101550,0.388,1.003,1643.5,24.7,16.17,0
B101551,0.376,1.475,1609.3,18.27,9.85,0
B101552,0.295,0.442,1571.1,20.76,11.05,0
B101553,0.301,0.554,1641.9,16.32,17.72,1
B101554,0.373,1.157,1517.2,11.73,20.6,0
B101555,0.444,0.979,1577.0,10.7,13.06,0
B101556,0.51,1.294,1502.6,10.78,14.59,0
B101557,0.304,0.895,1561.3,24.01,19.01,0
B101558,0.579,0.64,1635.3,5.06,13.97,0
B101559,0.367,0.836,1627.8,16.0,13.2,0
B101560,0.397,0.44,1602.8,15.41,10.47,0
B101561,0.31,0.561,1609.4,18.31,10.36,0
B101562,0.109,1.192,1496.3,8.86,31.01,1
B101563,0.506,1.162,1579.5,22.42,13.82,0
B101564,0.488,1.009,1562.5,12.36,23.19,0
B101565,0.366,0.384,1563.8,26.79,25.1,1
B101566,0.408,0.792,1633.0,16.27,13.9,0
B101567,0.462,0.533,1552.7,19.43,17.21,0
B101568,0.212,1.253,1566.7,20.02,15.61,0
B101569,0.337,0.725,1485.2,21.47,5.33,1
B101570,0.495,0.574,1583.8,20.22,5.69,1
B101571,0.249,0.909,1540.2,17.44,15.29,0
B101572,0.435,0.708,1604.4,22.06,12.45,0
B101573,0.237,1.345,1547.7,22.8,26.35,0
B101574,0.456,0.68,1605.7,15.41,13.58,0
B101575,0.396,0.48,1592.0,22.56,26.71,1
B101576,0.206,0.254,1692.0,27.15,12.14,0
B101577,0.54,0.891,1627.3,24.24,26.47,0
B101578,0.312,0.731,1498.8,25.59,18.04,1
B101579,0.303,0.471,1530.4,21.03,18.38,1
B101580,0.424,1.257,1603.0,14.38,11.93,0
B101581,0.538,1.1,1548.9,15.14,18.46,0
B101582,0.278,0.892,1450.0,21.92,25.16,1
B101583,0.407,1.309,1674.2,25.66,14.13,0
B101584,0.451,1.099,1639.6,36.72,12.96,0
B101585,0.483,0.653,1628.7,25.89,13.52,1
B101586,0.421,0.588,1566.6,12.98,24.72,0
B101587,0.356,1.145,1623.5,15.4,20.13,1
B101588,0.301,1.019,1561.3,33.67,23.69,0
B101589,0.41,0.951,1611.3,18.71,16.88,0
B101590,0.271,0.646,1549.4,20.29,15.24,0
B101591,0.05,1.082,1683.4,14.24,17.54,0
B101592,0.452,0.673,1513.6,29.39,21.42,1
B101593,0.508,0.869,1667.8,23.0,13.52,0
B101594,0.116,1.334,1602.1,15.35,23.21,1
B101595,0.279,0.702,1573.1,14.04,17.19,0
B101596,0.474,0.428,1609.2,21.84,2.0,0
B101597,0.647,0.584,1640.3,20.27,20.3,1
B101598,0.402,1.198,1675.2,24.99,7.37,1
B101599,0.313,0.976,1617.2,23.28,20.16,0
B101600,0.378,0.861,1551.0,18.41,20.41,0
B101601,0.565,0.747,1603.1,16.74,16.98,0
B101602,0.322,1.046,1699.9,19.04,18.26,1
B101603,0.304,0.645,1674.1,16.7,21.59,1
B101604,0.342,0.992,1650.0,19.22,12.03,0
B101605,0.286,0.681,1643.8,20.1,19.76,0
B101606,0.415,0.631,1638.5,14.61,21.98,0
B101607,0.595,0.709,1663.7,23.78,25.56,1
B101608,0.439,0.787,1574.9,17.78,8.37,1
B101609,0.37,0.885,1525.5,14.95,17.45,0
B101610,0.365,0.971,1603.8,17.89,9.23,1
B101611,0.212,0.1,1555.0,21.45,8.98,1
B101612,0.506,0.658,1542.0,20.5,17.15,0
B101613,0.391,0.783,1560.4,22.53,15.46,0
B101614,0.378,1.352,1736.7,25.39,21.87,1
B101615,0.783,0.576,1607.5,27.83,12.92,0
B101616,0.436,0.949,1619.9,21.71,14.2,0
B101617,0.31,1.349,1532.8,13.58,16.27,1
B101618,0.349,0.506,1498.6,18.39,9.83,1
B101619,0.538,1.018,1555.0,13.97,10.66,1
B101620,0.414,0.659,1679.1,30.18,21.7,1
B101621,0.227,0.749,1618.4,31.92,11.71,0
B101622,0.51,0.659,1632.9,23.9,22.09,1
B101623,0.32,0.68,1640.6,25.15,18.64,0
B101624,0.625,1.717,1567.5,21.51,5.71,1
B101625,0.53,1.153,1676.3,22.2,18.18,1
B101626,0.346,1.231,1565.2,10.42,18.13,0
B101627,0.554,1.048,1677.3,19.56,17.54,1
B101628,0.408,0.418,1624.3,14.71,14.15,0
B101629,0.502,1.018,1501.6,21.69,9.36,1
B101630,0.458,1.222,1558.9,19.64,23.08,0
B101631,0.298,0.644,1501.8,31.68,14.39,1
B101632,0.323,1.19,1664.0,25.5,9.7,0
B101633,0.524,1.111,1598.6,21.71,17.74,1
B101634,0.36,1.456,1477.4,18.4,10.54,0
B101635,0.352,0.775,1620.7,30.06,9.31,0
B101636,0.285,0.571,1570.5,19.82,12.75,0
B101637,0.451,0.792,1518.4,21.99,11.01,0
B101638,0.648,1.331,1692.3,20.25,9.53,0
B101639,0.272,0.351,1605.9,17.58,19.84,0
B101640,0.403,0.279,1583.9,20.22,14.32,0
B101641,0.569,0.927,1578.0,8.23,22.51,1
B101642,0.39,0.767,1516.8,10.71,9.87,0
B101643,0.454,0.902,1528.2,22.1,4.63,0
B101644,0.273,1.184,1670.7,29.41,15.89,0
B101645,0.451,0.734,1573.9,22.09,26.14,0
B101646,0.378,0.338,1601.2,15.68,18.19,0
B101647,0.518,1.513,1487.6,11.34,34.29,1
B101648,0.542,0.601,1527.5,24.71,16.99,0
B101649,0.711,0.582,1633.5,16.6,16.41,1
B101650,0.47,1.231,1620.8,23.86,2.07,0
B101651,0.439,0.785,1696.4,22.34,17.57,0
B101652,0.423,0.881,1673.9,22.87,16.01,0
B101653,0.358,1.045,1587.3,20.2,12.56,0
B101654,0.441,1.225,1626.0,22.3,14.18,0
B101655,0.365,0.8,1582.6,19.28,14.59,0
B101656,0.42,1.356,1713.0,16.19,13.92,0
B101657,0.558,0.259,1663.2,14.22,27.54,1
B101658,0.279,1.128,1609.3,5.69,12.77,0
B101659,0.537,0.648,1611.0,18.91,16.02,0
B101660,0.558,1.312,1679.5,29.12,12.58,1
B101661,0.386,0.943,1631.9,24.38,19.7,0
B101662,0.145,0.698,1685.7,21.37,16.06,1
B101663,0.327,1.099,1479.3,15.6,13.32,1
B101664,0.556,1.168,1625.4,25.98,3.44,0
B101665,0.397,1.093,1571.7,19.28,16.46,0
B101666,0.28,0.591,1696.6,29.45,13.14,1
B101667,0.339,0.755,1685.1,14.11,14.64,0
B101668,0.501,0.899,1601.8,15.5,7.91,0
B101669,0.466,0.888,1684.5,14.92,23.6,0
B101670,0.371,1.125,1698.1,11.11,20.14,0
B101671,0.356,0.296,1604.1,14.38,23.58,0
B101672,0.353,1.0,1736.0,20.62,21.88,1
B101673,0.289,0.813,1598.3,15.73,18.55,0
B101674,0.594,0.648,1588.2,5.0,8.15,0
B101675,0.361,0.677,1647.6,26.45,26.06,0
B101676,0.546,0.836,1580.5,9.9,9.43,0
B101677,0.583,0.1,1604.7,23.54,13.39,0
B101678,0.52,0.69,1677.5,20.19,19.24,0
B101679,0.348,0.637,1601.1,32.7,19.54,0
B101680,0.448,1.06,1506.8,25.98,18.43,0
B101681,0.397,0.658,1620.2,16.97,12.6,0
B101682,0.292,0.835,1561.7,15.79,11.36,0
B101683,0.439,1.363,1647.6,29.02,30.21,1
B101684,0.259,1.198,1638.3,11.14,14.76,0
B101685,0.543,1.171,1680.9,21.15,14.03,0
B101686,0.344,0.75,1649.9,19.21,10.72,0
B101687,0.424,1.063,1660.0,17.94,16.47,0
B101688,0.434,0.83,1563.2,22.12,16.19,0
B101689,0.369,0.841,1644.2,21.14,14.9,0
B101690,0.47,1.023,1708.3,22.74,17.29,1
B101691,0.343,0.721,1562.1,20.83,25.58,0
B101692,0.505,1.348,1699.0,22.51,11.43,1
B101693,0.238,0.852,1569.8,20.56,15.26,0
B101694,0.415,1.086,1553.1,16.04,11.11,1
B101695,0.633,1.337,1616.3,20.02,16.77,0
B101696,0.28,1.209,1639.4,15.71,11.59,0
B101697,0.319,0.477,1650.1,15.32,11.85,1
B101698,0.462,1.033,1547.1,17.98,6.24,0
B101699,0.422,1.155,1623.9,19.28,15.59,0
B101700,0.442,1.168,1562.3,20.21,17.58,0
B101701,0.459,0.566,1518.1,25.5,26.16,0
B101702,0.476,0.703,1548.9,17.01,17.82,1
B101703,0.533,1.198,1558.7,21.18,12.3,0
B101704,0.449,0.671,1628.7,20.71,6.84,0
B101705,0.371,0.81,1663.4,16.35,7.67,0
B101706,0.481,1.373,1519.0,20.44,7.23,1
B101707,0.628,0.886,1619.4,26.02,26.27,0
B101708,0.384,0.682,1535.3,21.12,16.73,1
B101709,0.283,0.637,1634.6,21.36,11.5,0
B101710,0.533,1.0,1565.7,15.77,9.24,0
B101711,0.386,0.5,1542.2,31.81,9.86,1
B101712,0.139,0.826,1644.0,16.11,11.34,1
B101713,0.502,1.0,1567.7,9.99,22.9,0
B101714,0.336,1.29,1582.6,25.16,14.82,0
B101715,0.389,1.1,1477.9,19.31,6.32,1
B101716,0.44,0.686,1652.1,18.18,28.86,1
B101717,0.423,1.254,1645.1,16.73,8.16,1
B101718,0.485,0.81,1600.3,31.23,11.45,0
B101719,0.348,0.529,1516.0,22.13,22.86,1
B101720,0.462,0.848,1666.5,23.3,17.49,0
B101721,0.369,1.331,1563.4,20.98,12.18,0
B101722,0.489,0.95,1575.1,21.62,7.61,0
B101723,0.474,0.904,1727.2,28.39,9.2,1
B101724,0.288,1.391,1561.3,18.49,9.56,0
B101725,0.53,0.471,1640.8,11.26,15.04,0
B101726,0.336,0.514,1630.9,25.21,16.15,0
B101727,0.497,0.415,1621.5,22.98,14.11,0
B101728,0.444,1.012,1615.5,20.65,14.76,0
B101729,0.621,0.95,1620.7,22.82,8.7,0
B101730,0.373,1.363,1615.0,17.78,16.76,0
B101731,0.358,0.973,1597.1,20.12,22.68,0
B101732,0.398,0.779,1683.1,19.21,14.02,0
B101733,0.364,0.901,1527.8,16.45,13.91,1
B101734,0.496,0.935,1656.2,27.14,15.5,0
B101735,0.206,0.398,1645.2,11.53,21.71,0
B101736,0.274,1.713,1638.4,34.17,9.63,0
B101737,0.272,1.056,1661.4,25.26,23.71,1
B101738,0.514,0.963,1594.9,9.33,17.53,1
B101739,0.605,1.085,1497.2,18.66,15.17,1
B101740,0.387,1.113,1596.0,18.99,22.28,0
B101741,0.38,0.858,1545.5,22.35,7.91,0
B101742,0.408,0.711,1559.7,14.06,18.13,0
B101743,0.539,1.08,1531.7,20.19,17.58,0
B101744,0.289,1.016,1573.7,19.27,9.39,0
B101745,0.429,0.657,1567.2,15.57,17.76,0
B101746,0.517,1.326,1469.2,14.74,16.7,1
B101747,0.46,0.988,1638.5,25.51,13.93,0
B101748,0.423,1.119,1722.1,9.82,20.18,1
B101749,0.52,1.318,1633.3,22.87,11.57,0
B101750,0.076,0.907,1588.8,24.79,16.62,1
B101751,0.481,0.995,1597.0,18.69,14.21,1
B101752,0.322,1.143,1576.8,20.31,11.31,0
B101753,0.18,0.683,1605.0,26.98,18.02,0
B101754,0.461,0.916,1598.0,15.77,13.75,0
B101755,0.565,0.938,1553.7,16.39,6.16,0
B101756,0.384,0.613,1692.6,17.03,4.19,1
B101757,0.514,1.595,1518.2,26.99,19.73,0
B101758,0.593,0.478,1639.5,27.75,7.68,1
B101759,0.558,0.511,1594.4,11.62,16.68,0
B101760,0.597,1.294,1704.5,26.04,15.33,1
B101761,0.489,1.114,1618.7,24.91,12.79,0
B101762,0.409,0.592,1580.2,29.32,26.74,0
B101763,0.208,1.082,1586.4,22.31,16.08,0
B101764,0.37,1.34,1602.2,19.73,19.53,0
B101765,0.299,0.891,1537.1,26.87,16.71,1
B101766,0.661,1.68,1557.8,24.19,13.61,0
B101767,0.379,0.383,1501.8,33.47,14.89,1
B101768,0.415,1.108,1549.2,25.75,23.75,0
B101769,0.466,1.25,1605.2,20.92,21.53,0
B101770,0.405,1.167,1616.5,12.96,26.71,0
B101771,0.603,0.839,1491.1,16.51,16.33,1
B101772,0.325,0.813,1592.5,11.38,9.74,0
B101773,0.423,1.033,1631.0,18.71,12.36,0
B101774,0.311,1.145,1591.0,25.56,7.87,0
B101775,0.242,1.081,1565.1,19.98,19.6,0
B101776,0.327,1.212,1577.3,26.13,11.48,0
B101777,0.396,0.594,1570.3,22.03,2.0,0
B101778,0.348,0.832,1565.0,17.58,29.78,0
B101779,0.317,0.618,1609.6,20.53,11.58,0
B101780,0.231,0.784,1726.9,22.83,11.54,0
B101781,0.39,1.205,1559.1,20.84,25.03,0
B101782,0.219,0.932,1582.5,20.9,7.75,0
B101783,0.491,1.682,1597.2,15.39,21.82,0
B101784,0.41,0.958,1562.2,17.4,11.48,0
B101785,0.225,0.918,1660.4,33.55,7.06,0
B101786,0.363,0.932,1469.6,27.37,25.23,1
B101787,0.31,0.709,1570.8,11.16,20.54,1
B101788,0.438,0.883,1645.0,5.8,20.52,0
B101789,0.561,1.238,1583.8,20.46,17.21,0
B101790,0.175,0.934,1554.9,25.36,18.59,1
B101791,0.414,0.662,1624.2,16.88,7.61,0
B101792,0.381,0.622,1649.8,26.13,15.67,0
B101793,0.481,0.765,1611.6,20.36,9.43,0
B101794,0.426,0.922,1555.9,19.02,6.67,0
B101795,0.31,1.258,1625.1,24.54,17.47,0
B101796,0.362,0.498,1577.9,16.81,21.95,0
B101797,0.304,0.804,1641.0,18.28,12.7,0
B101798,0.529,0.943,1681.6,24.02,13.73,1
B101799,0.403,0.35,1456.7,19.81,8.17,1
B101800,0.628,0.65,1606.1,31.45,15.04,0
B101801,0.393,0.696,1504.5,24.16,19.56,1
B101802,0.315,0.661,1734.3,23.77,19.75,1
B101803,0.218,0.958,1574.3,19.7,18.27,1
B101804,0.184,0.852,1641.1,25.25,11.29,0
B101805,0.21,0.733,1598.1,18.06,11.1,0
B101806,0.432,1.028,1555.8,21.69,19.77,0
B101807,0.461,1.417,1549.3,14.5,19.87,0
B101808,0.21,1.392,1687.2,26.24,13.97,0
B101809,0.507,0.323,1652.6,21.74,12.44,0
B101810,0.342,1.073,1706.9,31.9,22.0,0
B101811,0.418,0.847,1603.0,34.35,12.84,0
B101812,0.593,0.947,1615.8,24.58,19.48,0
B101813,0.508,0.781,1585.3,20.41,14.18,0
B101814,0.368,0.935,1584.2,14.32,8.71,0
B101815,0.293,0.945,1542.7,25.43,24.67,0
B101816,0.142,0.726,1604.6,21.26,15.72,1
B101817,0.314,0.631,1556.6,23.23,10.74,1
B101818,0.375,0.765,1624.3,30.38,6.66,0
B101819,0.282,0.97,1609.4,15.05,7.26,0
B101820,0.384,1.08,1615.8,14.45,12.76,0
B101821,0.409,1.156,1692.1,18.58,26.55,1
B101822,0.373,0.752,1597.9,24.93,11.49,0
B101823,0.322,0.985,1641.6,23.33,23.68,0
B101824,0.42,1.189,1712.8,14.63,14.22,1
B101825,0.453,1.25,1671.9,24.54,7.91,0
B101826,0.269,0.882,1663.4,12.79,12.16,0
B101827,0.569,0.834,1583.1,14.97,7.31,0
B101828,0.388,0.957,1612.6,19.31,9.86,0
B101829,0.402,0.555,1527.5,16.68,9.69,1
B101830,0.485,0.842,1627.4,25.34,3.58,0
B101831,0.428,1.123,1615.1,21.72,24.08,0
B101832,0.514,1.093,1601.3,30.59,16.27,0
B101833,0.434,0.819,1656.5,18.52,10.88,0
B101834,0.327,0.965,1533.6,19.27,16.33,0
B101835,0.443,0.653,1689.9,27.26,9.99,1
B101836,0.263,1.111,1649.6,19.45,2.0,0
B101837,0.413,0.877,1596.1,28.96,32.74,1
B101838,0.396,0.817,1591.8,23.24,16.14,0
B101839,0.375,0.791,1626.4,5.88,11.47,0
B101840,0.385,0.881,1683.6,27.07,3.4,0
B101841,0.174,0.766,1605.6,25.48,6.04,0
B101842,0.334,1.097,1607.9,25.71,24.93,0
B101843,0.411,0.781,1601.0,8.53,24.01,0
B101844,0.419,1.378,1698.0,16.02,19.52,0
B101845,0.277,1.34,1579.7,16.47,8.31,0
B101846,0.552,0.633,1598.4,14.95,24.06,0
B101847,0.296,0.921,1680.5,30.45,17.7,0
B101848,0.516,0.705,1608.1,19.93,18.93,1
B101849,0.451,0.802,1662.5,19.78,17.68,0
B101850,0.322,1.501,1549.9,23.31,5.96,0
B101851,0.613,0.808,1588.7,23.42,7.81,0
B101852,0.257,1.008,1681.6,5.0,11.94,0
B101853,0.51,1.062,1562.8,16.12,18.86,0
B101854,0.52,0.6,1591.7,11.52,6.72,0
B101855,0.32,0.643,1614.1,22.4,13.95,0
B101856,0.567,0.538,1545.6,18.27,13.94,0
B101857,0.37,0.634,1577.2,20.09,19.76,0
B101858,0.435,0.1,1606.2,7.53,19.05,1
B101859,0.431,1.063,1602.6,18.14,8.94,0
B101860,0.384,1.516,1670.4,26.69,23.68,0
B101861,0.497,0.944,1684.8,28.46,8.02,0
B101862,0.495,0.475,1552.9,24.31,21.55,1
B101863,0.19,0.707,1606.1,11.99,11.7,0
B101864,0.557,0.762,1637.1,27.56,15.98,0
B101865,0.201,0.595,1683.4,24.34,16.36,0
B101866,0.524,1.158,1639.5,19.3,16.19,0
B101867,0.535,1.143,1616.0,7.85,19.05,1
B101868,0.269,0.553,1636.7,25.72,17.35,0
B101869,0.351,1.118,1637.1,16.45,19.7,0
B101870,0.267,1.358,1549.0,22.08,17.79,0
B101871,0.374,1.471,1610.6,20.41,7.41,0
B101872,0.363,1.76,1680.3,29.23,16.62,1
B101873,0.494,0.629,1588.6,19.25,11.62,0
B101874,0.557,1.747,1607.1,19.91,8.34,0
B101875,0.567,0.794,1586.7,29.47,13.26,0
B101876,0.333,0.722,1472.7,16.05,16.1,0
B101877,0.375,0.998,1601.1,24.89,16.5,0
B101878,0.198,0.725,1616.6,18.81,21.34,0
B101879,0.303,1.02,1571.8,13.98,22.84,1
B101880,0.516,0.504,1536.5,20.01,17.02,0
B101881,0.594,0.828,1551.6,24.15,18.1,0
B101882,0.252,1.286,1642.0,28.12,15.57,0
B101883,0.329,0.883,1708.5,28.85,19.6,1
B101884,0.397,0.942,1676.0,18.23,17.92,1
B101885,0.434,1.043,1526.1,14.08,14.67,0
B101886,0.303,1.251,1647.0,18.09,27.91,0
B101887,0.451,0.403,1563.5,12.91,11.72,0
B101888,0.343,1.075,1568.0,18.7,23.73,0
B101889,0.398,0.82,1574.6,17.95,6.87,0
B101890,0.466,0.95,1638.8,24.36,19.88,1
B101891,0.401,1.218,1652.8,6.76,23.62,0
B101892,0.348,0.542,1594.6,15.6,3.56,1
B101893,0.387,0.596,1595.5,15.65,15.83,0
B101894,0.389,0.319,1625.5,27.12,19.29,1
B101895,0.356,0.735,1631.2,13.32,16.51,0
B101896,0.369,1.299,1664.7,21.36,17.27,1
B101897,0.592,0.864,1529.4,19.23,15.82,0
B101898,0.467,0.498,1601.1,26.26,8.43,0
B101899,0.365,0.754,1541.3,23.57,29.21,1
B101900,0.484,0.454,1597.2,20.73,11.98,0
B101901,0.36,0.562,1587.6,16.67,17.6,0
B101902,0.541,1.017,1597.4,8.89,11.12,1
B101903,0.444,0.548,1556.0,21.48,2.0,1
B101904,0.387,1.234,1518.2,23.18,9.45,1
B101905,0.454,0.879,1484.8,10.55,6.31,0
B101906,0.211,0.926,1592.8,12.6,21.55,0
B101907,0.265,0.816,1576.3,21.51,11.36,1
B101908,0.257,1.132,1562.8,22.03,11.92,1
B101909,0.417,1.135,1672.7,14.06,8.61,0
B101910,0.608,1.001,1552.7,16.56,15.56,0
B101911,0.668,1.069,1677.9,8.98,10.7,0
B101912,0.477,0.836,1689.3,28.26,20.95,0
B101913,0.46,1.063,1492.7,12.2,16.81,0
B101914,0.184,0.799,1605.1,23.25,11.57,1
B101915,0.335,0.901,1578.0,19.79,20.1,0
B101916,0.305,0.818,1450.0,27.74,15.05,1
B101917,0.325,0.763,1520.5,15.25,15.13,0
B101918,0.38,0.693,1642.6,20.37,6.22,0
B101919,0.343,1.04,1711.1,9.81,14.57,0
B101920,0.162,1.293,1649.6,8.37,16.93,1
B101921,0.49,1.251,1617.8,23.58,23.0,0
B101922,0.271,0.523,1598.8,9.29,10.49,1
B101923,0.429,1.287,1692.5,18.63,28.67,0
B101924,0.649,0.805,1718.2,26.07,18.34,1
B101925,0.29,1.08,1567.7,24.48,5.88,0
B101926,0.096,0.628,1490.0,16.01,9.93,1
B101927,0.366,0.943,1484.6,10.47,23.53,1
B101928,0.532,0.994,1672.7,23.06,22.46,0
B101929,0.635,0.455,1597.4,28.05,15.11,0
B101930,0.252,1.082,1610.1,16.03,15.9,0
B101931,0.46,1.304,1501.5,15.18,8.01,1
B101932,0.344,0.848,1558.6,16.85,22.93,0
B101933,0.387,1.308,1583.7,23.43,9.07,0
B101934,0.717,0.843,1611.4,27.37,20.07,1
B101935,0.22,1.155,1578.1,12.56,23.11,0
B101936,0.43,0.234,1542.9,11.01,15.29,1
B101937,0.456,1.626,1556.8,34.04,20.81,0
B101938,0.53,1.349,1666.5,18.94,26.09,1
B101939,0.412,0.815,1613.5,21.52,16.61,0
B101940,0.437,0.308,1633.7,15.85,13.95,0
B101941,0.353,0.986,1550.6,22.94,14.6,0
B101942,0.432,0.467,1450.0,25.76,10.54,1
B101943,0.359,1.033,1571.2,21.8,10.41,1
B101944,0.475,1.023,1552.3,30.45,17.65,0
B101945,0.356,0.618,1619.2,18.04,14.02,0
B101946,0.445,1.236,1750.0,18.42,16.97,1
B101947,0.396,1.142,1638.2,21.39,6.06,0
B101948,0.535,1.193,1750.0,22.79,14.44,1
B101949,0.394,0.903,1631.3,21.37,21.18,0
B101950,0.187,0.475,1565.4,12.29,8.29,0
B101951,0.551,1.193,1619.1,21.88,15.1,0
B101952,0.291,0.819,1697.9,17.75,3.87,1
B101953,0.322,0.483,1700.6,16.51,7.17,0
B101954,0.329,1.306,1568.4,20.19,19.85,0
B101955,0.565,1.53,1613.9,14.23,13.14,0
B101956,0.144,0.888,1521.4,13.19,25.93,1
B101957,0.777,1.548,1645.4,5.0,17.59,1
B101958,0.527,0.927,1685.4,30.48,18.18,0
B101959,0.427,0.786,1602.2,23.33,8.54,0
B101960,0.393,0.711,1563.3,19.3,12.69,0
B101961,0.434,1.391,1619.8,16.0,10.6,0
B101962,0.463,0.666,1623.0,5.0,8.61,0
B101963,0.477,1.121,1604.5,15.63,18.98,1
B101964,0.467,0.732,1609.8,24.3,20.19,0
B101965,0.411,0.762,1590.4,25.65,17.39,0
B101966,0.376,1.209,1654.8,23.85,10.03,0
B101967,0.382,0.786,1640.5,20.95,16.98,1
B101968,0.377,0.779,1545.9,27.82,3.52,1
B101969,0.536,1.24,1544.4,18.03,22.94,0
B101970,0.471,1.379,1586.0,26.51,7.21,0
B101971,0.05,1.093,1640.5,17.69,8.28,0
B101972,0.479,0.704,1608.1,14.71,15.69,0
B101973,0.423,0.747,1564.6,13.97,16.22,0
B101974,0.398,0.924,1614.4,13.61,14.56,0
B101975,0.353,0.996,1581.8,23.95,8.34,0
B101976,0.535,0.604,1648.4,15.54,21.8,0
B101977,0.514,1.117,1618.3,13.8,4.88,0
B101978,0.307,0.926,1582.7,24.28,6.1,0
B101979,0.449,0.385,1612.7,21.97,14.36,0
B101980,0.283,0.621,1672.3,25.78,7.41,1
B101981,0.234,0.749,1568.7,23.08,22.34,0
B101982,0.325,0.878,1622.1,15.48,7.93,0
B101983,0.503,1.467,1596.1,20.46,24.34,0
B101984,0.514,0.971,1623.5,20.75,21.21,0
B101985,0.462,0.648,1564.0,14.49,22.41,0
B101986,0.487,0.966,1606.1,13.37,26.32,0
B101987,0.462,0.794,1660.9,15.92,15.49,0
B101988,0.323,0.997,1548.5,32.22,8.92,1
B101989,0.452,1.074,1526.9,17.52,14.38,0
B101990,0.496,1.263,1529.0,27.4,11.6,1
B101991,0.491,0.893,1535.6,17.19,10.74,0
B101992,0.543,1.392,1632.7,25.33,15.91,0
B101993,0.485,1.172,1522.7,25.41,13.13,1
B101994,0.442,0.688,1583.6,25.72,10.49,0
B101995,0.528,1.563,1634.0,22.33,13.53,1
B101996,0.397,0.998,1622.9,28.26,18.29,0
B101997,0.294,0.649,1578.8,22.27,20.74,0
B101998,0.38,1.396,1610.5,30.28,5.38,0
B101999,0.311,1.523,1605.9,10.28,13.18,1
B102000,0.319,0.89,1587.7,22.09,14.15,1
B102001,0.383,0.749,1588.4,21.7,7.9,0
B102002,0.305,0.848,1722.9,14.38,14.28,1
B102003,0.363,1.114,1644.5,23.48,15.89,0
B102004,0.173,1.283,1736.4,11.06,18.11,1
B102005,0.426,1.071,1572.7,16.07,15.46,0
B102006,0.4,0.931,1595.3,8.01,9.71,0
B102007,0.302,1.349,1526.7,29.35,27.07,0
B102008,0.479,0.806,1555.5,18.61,19.97,0
B102009,0.513,1.209,1704.6,33.0,18.32,0
B102010,0.207,0.814,1571.3,24.82,21.03,0
B102011,0.308,1.029,1705.6,22.69,16.47,1
B102012,0.308,0.866,1531.6,16.48,22.72,0
B102013,0.287,0.883,1542.1,13.72,15.34,0
B102014,0.5,0.787,1581.2,23.14,15.01,0
B102015,0.377,1.303,1596.5,19.57,18.81,0
B102016,0.368,0.68,1650.8,11.96,24.46,1
B102017,0.16,0.678,1624.8,10.9,24.07,0
B102018,0.476,1.536,1577.1,14.25,18.56,0
B102019,0.251,1.193,1592.7,30.93,18.1,0
B102020,0.407,0.184,1582.5,33.28,19.18,1
B102021,0.433,0.73,1549.7,21.23,20.91,1
B102022,0.563,0.356,1551.2,20.89,22.79,1
B102023,0.243,0.615,1656.5,17.98,13.58,0
B102024,0.05,0.1,1499.5,14.39,22.91,1
B102025,0.422,0.859,1689.0,28.25,17.06,0
B102026,0.616,0.557,1581.1,31.24,18.91,1
B102027,0.549,0.918,1557.5,14.64,23.29,1
B102028,0.425,0.412,1640.7,19.5,19.48,1
B102029,0.341,0.925,1681.7,17.3,20.5,0
B102030,0.497,0.776,1661.5,17.48,12.66,1
B102031,0.283,1.351,1627.6,27.12,23.99,0
B102032,0.457,1.323,1659.8,12.13,19.17,0
B102033,0.461,1.136,1505.6,22.8,15.76,1
B102034,0.527,0.802,1571.3,24.37,21.61,0
B102035,0.731,1.496,1549.9,19.15,30.53,1
B102036,0.447,0.434,1667.4,25.36,7.99,1
B102037,0.339,0.479,1578.9,20.89,10.18,0
B102038,0.397,0.875,1646.5,27.3,31.11,1
B102039,0.188,1.576,1629.5,10.87,17.56,0
B102040,0.317,0.839,1552.6,17.91,16.15,0
B102041,0.351,0.845,1567.7,19.57,14.31,0
B102042,0.337,0.467,1671.2,5.0,22.25,0
B102043,0.418,1.184,1557.3,13.48,30.67,0
B102044,0.301,1.186,1606.9,15.12,11.01,0
B102045,0.535,1.137,1557.0,25.69,14.42,0
B102046,0.4,0.711,1582.7,15.76,12.9,0
B102047,0.399,0.688,1597.5,15.09,19.4,0
B102048,0.361,0.512,1556.9,24.9,22.33,0
B102049,0.419,0.925,1547.2,10.29,24.73,1
B102050,0.499,0.576,1615.7,7.57,19.6,0
B102051,0.296,0.547,1553.5,17.83,30.12,1
B102052,0.321,0.773,1555.4,11.31,11.55,0
B102053,0.364,0.753,1548.4,11.54,9.99,0
B102054,0.238,0.739,1595.7,23.44,23.82,1
B102055,0.302,1.04,1651.9,25.26,15.74,0
B102056,0.343,0.924,1682.9,24.73,6.74,0
B102057,0.505,0.814,1560.1,26.65,13.1,0
B102058,0.432,0.955,1718.3,27.45,16.53,0
B102059,0.423,0.603,1544.7,7.23,11.12,0
B102060,0.502,0.932,1659.6,22.7,8.91,0
B102061,0.384,0.945,1560.3,16.82,13.75,0
B102062,0.447,0.449,1552.1,15.52,8.61,0
B102063,0.388,1.199,1559.0,23.36,18.81,0
B102064,0.432,0.636,1597.1,9.62,3.34,1
B102065,0.33,0.927,1631.9,9.49,15.54,0
B102066,0.107,1.249,1636.8,23.8,18.12,0
B102067,0.384,1.178,1548.1,22.93,14.46,0
B102068,0.571,0.91,1545.6,20.82,21.56,0
B102069,0.511,0.791,1549.6,14.72,6.78,0
B102070,0.516,1.184,1593.9,24.46,10.79,0
B102071,0.548,1.102,1588.4,24.08,13.02,1
B102072,0.411,0.714,1547.7,20.51,19.28,0
B102073,0.424,0.662,1614.8,12.94,16.31,1
B102074,0.326,0.278,1724.4,17.45,27.86,1
B102075,0.362,0.946,1572.2,25.03,10.17,0
B102076,0.474,0.875,1576.2,27.96,6.63,0
B102077,0.544,1.241,1630.8,18.04,25.73,0
B102078,0.383,1.008,1569.3,18.5,6.41,0
B102079,0.346,1.3,1636.8,19.03,19.1,0
B102080,0.4,0.691,1560.5,21.65,9.13,0
B102081,0.472,1.241,1700.8,16.51,2.58,0
B102082,0.227,0.741,1619.0,5.0,12.75,0
B102083,0.124,1.133,1565.9,27.16,20.4,1
B102084,0.334,0.462,1567.6,30.77,7.67,0
B102085,0.254,0.971,1571.7,16.33,18.46,0
B102086,0.339,0.305,1675.5,13.6,19.58,1
B102087,0.382,0.82,1530.2,19.18,7.37,0
B102088,0.346,1.032,1563.3,18.87,13.63,0
B102089,0.574,0.744,1569.1,25.97,24.46,0
B102090,0.439,0.585,1599.1,20.33,18.9,0
B102091,0.436,1.154,1585.1,15.24,13.43,0
B102092,0.475,0.869,1518.0,12.09,17.49,0
B102093,0.263,0.753,1578.0,25.19,10.89,0
B102094,0.525,0.913,1594.5,23.6,21.68,0
B102095,0.391,1.691,1565.5,26.36,21.68,0
B102096,0.48,1.246,1637.8,14.19,15.73,0
B102097,0.271,1.249,1650.6,31.03,16.38,0
B102098,0.214,1.031,1595.7,9.54,9.01,0
B102099,0.498,0.95,1612.7,24.26,6.89,0
B102100,0.445,0.181,1481.1,8.54,12.74,1
B102101,0.292,0.696,1576.8,15.26,14.48,0
B102102,0.296,0.756,1655.3,29.37,21.38,0
B102103,0.535,0.338,1576.7,24.99,20.53,1
B102104,0.257,0.553,1559.5,16.72,16.11,0
B102105,0.597,0.306,1725.3,16.89,22.14,1
B102106,0.292,0.889,1700.0,20.6,9.34,1
B102107,0.477,1.146,1625.7,23.08,21.46,0
B102108,0.361,1.232,1662.6,27.51,10.26,0
B102109,0.472,1.024,1477.6,17.26,22.44,1
B102110,0.335,0.611,1556.7,10.33,14.92,0
B102111,0.38,0.32,1574.2,20.94,3.01,1
B102112,0.405,0.373,1587.0,17.26,19.38,1
B102113,0.28,0.519,1573.1,12.2,19.86,0
B102114,0.489,0.633,1459.7,21.79,12.26,1
B102115,0.338,0.852,1621.2,18.72,12.77,0
B102116,0.373,0.596,1629.9,21.84,14.04,0
B102117,0.281,1.002,1688.1,14.63,3.45,0
B102118,0.093,0.83,1556.6,22.92,2.0,0
B102119,0.377,0.903,1552.1,12.1,22.81,0
B102120,0.69,1.242,1452.6,15.03,10.06,1
B102121,0.494,0.546,1583.9,18.54,26.13,0
B102122,0.398,1.026,1649.6,30.45,23.22,0
B102123,0.368,0.896,1566.4,24.71,24.4,1
B102124,0.403,0.8,1717.9,26.46,11.1,1
B102125,0.466,1.166,1585.9,28.5,5.35,0
B102126,0.258,1.164,1608.1,40.0,8.48,0
B102127,0.534,0.616,1525.0,20.25,12.32,0
B102128,0.486,0.845,1615.8,28.52,2.0,0
B102129,0.486,0.984,1491.1,26.08,12.15,1
B102130,0.453,0.818,1638.2,25.98,13.79,0
B102131,0.402,1.076,1639.8,30.65,7.23,0
B102132,0.481,0.984,1674.8,17.48,8.76,1
B102133,0.471,1.45,1543.9,17.01,13.68,0
B102134,0.358,0.441,1608.8,21.92,17.14,0
B102135,0.331,0.863,1631.0,18.9,9.66,1
B102136,0.412,0.627,1624.3,21.91,16.75,1
B102137,0.586,1.081,1552.4,29.38,15.82,1
B102138,0.251,0.415,1468.4,17.13,15.28,1
B102139,0.224,1.004,1619.1,18.17,11.09,0
B102140,0.42,0.711,1591.6,21.05,7.0,0
B102141,0.406,0.68,1568.8,18.63,25.18,0
B102142,0.421,0.466,1642.0,8.52,18.78,0
B102143,0.429,0.76,1597.5,16.52,21.03,0
B102144,0.373,1.225,1527.4,24.12,14.5,0
B102145,0.579,0.892,1493.8,28.63,14.02,1
B102146,0.208,1.088,1537.9,13.07,17.94,0
B102147,0.301,1.399,1731.6,13.04,3.99,1
B102148,0.388,0.979,1639.8,20.18,8.31,0
B102149,0.203,0.732,1610.4,7.55,10.21,1
B102150,0.379,1.04,1590.0,17.33,12.27,0
B102151,0.599,0.737,1586.4,9.58,9.72,0
B102152,0.403,0.749,1664.2,28.21,17.0,0
B102153,0.428,0.444,1573.0,15.38,15.49,0
B102154,0.249,1.178,1631.7,29.92,23.36,0
B102155,0.326,0.784,1580.8,26.68,29.84,0
B102156,0.355,0.955,1706.7,16.12,7.42,0
B102157,0.362,0.589,1640.8,13.57,15.88,0
B102158,0.554,1.031,1668.5,18.84,15.87,0
B102159,0.467,0.671,1567.9,19.37,14.91,0
B102160,0.267,0.857,1658.2,22.08,8.49,1
B102161,0.43,1.163,1582.8,15.34,9.5,0
B102162,0.46,1.137,1606.1,24.48,16.44,0
B102163,0.537,0.893,1689.9,21.59,9.33,0
B102164,0.59,0.37,1542.6,17.96,15.96,0
B102165,0.278,1.798,1611.2,15.73,13.52,0
B102166,0.303,1.424,1624.1,18.89,15.85,0
B102167,0.249,1.117,1628.6,15.1,9.28,0
B102168,0.372,0.674,1575.2,20.35,15.94,0
B102169,0.456,0.866,1714.7,20.51,9.71,0
B102170,0.518,0.737,1528.8,21.57,15.96,0
B102171,0.391,1.279,1680.2,30.6,23.04,1
B102172,0.362,0.979,1666.8,19.21,16.57,0
B102173,0.418,0.665,1704.5,26.03,16.93,1
B102174,0.3,0.759,1512.6,21.38,19.9,0
B102175,0.651,1.236,1552.2,18.57,6.58,0
B102176,0.207,1.38,1682.1,19.29,25.31,0
B102177,0.422,1.358,1496.8,19.65,8.67,0
B102178,0.643,1.127,1511.6,21.68,20.28,0
B102179,0.401,0.824,1573.1,14.24,19.48,0
B102180,0.377,0.1,1610.6,11.21,9.59,0
B102181,0.357,0.989,1687.6,23.93,21.05,0
B102182,0.378,0.899,1589.8,25.39,17.99,0
B102183,0.565,0.942,1566.5,24.47,26.34,0
B102184,0.135,0.916,1617.1,20.93,16.16,0
B102185,0.584,0.502,1625.8,24.6,14.35,0
B102186,0.229,1.067,1624.3,24.28,11.91,1
B102187,0.368,1.09,1590.2,24.73,4.54,0
B102188,0.348,1.105,1492.5,14.84,13.09,0
B102189,0.471,1.184,1549.5,13.42,13.34,0
B102190,0.208,1.081,1678.1,17.67,16.57,0
B102191,0.455,0.777,1610.3,19.9,6.46,0
B102192,0.643,0.879,1582.3,18.55,13.57,0
B102193,0.236,0.927,1661.5,8.74,18.46,0
B102194,0.423,0.932,1537.8,30.33,19.05,1
B102195,0.321,1.199,1587.6,18.36,3.84,0
B102196,0.451,1.093,1607.6,21.04,19.24,0
B102197,0.402,1.523,1575.7,27.47,13.52,1
B102198,0.323,1.562,1605.5,5.93,13.89,0
B102199,0.459,0.924,1589.7,16.93,2.0,0
B102200,0.617,0.1,1523.0,17.68,23.96,0
B102201,0.377,1.271,1610.0,17.98,16.06,0
B102202,0.486,0.738,1526.9,18.96,5.81,0
B102203,0.245,0.66,1609.1,28.68,17.25,0
B102204,0.285,0.78,1675.6,24.04,17.07,0
B102205,0.457,0.766,1584.5,25.75,22.34,0
B102206,0.578,1.084,1535.6,20.28,13.14,1
B102207,0.443,0.432,1593.0,11.6,15.07,1
B102208,0.362,0.577,1554.2,7.52,11.14,0
B102209,0.4,1.003,1632.7,10.82,18.59,0
B102210,0.25,1.087,1591.9,22.16,10.3,0
B102211,0.473,1.092,1694.0,20.19,9.64,0
B102212,0.506,0.664,1664.0,18.74,14.59,0
B102213,0.346,0.607,1591.6,17.79,7.64,0
B102214,0.344,0.748,1639.4,32.07,24.61,1
B102215,0.432,0.972,1578.4,15.06,26.56,0
B102216,0.348,1.346,1601.9,25.57,12.28,0
B102217,0.392,0.286,1580.1,20.01,6.68,0
B102218,0.652,0.834,1642.2,19.63,17.02,0
B102219,0.37,0.5,1678.8,27.06,12.11,1
B102220,0.357,0.404,1643.9,28.78,22.05,1
B102221,0.322,1.19,1650.7,18.56,10.28,0
B102222,0.489,1.063,1650.8,24.8,18.27,0
B102223,0.378,1.035,1630.3,22.18,15.68,0
B102224,0.322,1.176,1537.3,20.04,10.94,0
B102225,0.559,0.756,1693.6,21.23,16.44,0
B102226,0.57,0.77,1699.2,15.87,20.27,0
B102227,0.328,1.556,1587.1,18.16,15.52,0
B102228,0.176,0.826,1579.6,16.52,15.58,0
B102229,0.521,1.121,1633.7,25.41,9.76,0
B102230,0.318,0.902,1630.3,19.43,21.87,1
B102231,0.495,0.346,1588.9,12.21,21.27,0
B102232,0.164,0.287,1531.2,15.66,12.54,1
B102233,0.507,0.726,1616.8,5.0,14.25,0
B102234,0.255,1.217,1630.3,17.03,23.49,0
B102235,0.488,1.136,1639.9,20.23,8.2,0
B102236,0.402,1.174,1619.2,19.18,18.63,0
B102237,0.286,0.604,1585.1,31.88,11.65,0
B102238,0.351,1.385,1654.7,23.45,25.67,0
B102239,0.482,0.611,1603.6,23.18,15.38,0
B102240,0.413,0.964,1574.4,10.14,22.56,0
B102241,0.47,0.897,1590.1,17.81,10.43,0
B102242,0.637,0.848,1504.0,17.08,7.51,0
B102243,0.212,1.302,1590.0,15.28,13.59,0
B102244,0.594,0.688,1637.9,15.2,16.58,0
B102245,0.413,0.495,1618.7,9.15,11.94,0
B102246,0.292,0.906,1683.6,12.34,19.55,1
B102247,0.24,0.78,1585.5,25.24,13.74,0
B102248,0.377,1.913,1626.8,19.14,2.51,0
B102249,0.511,1.103,1643.6,16.96,18.32,0
B102250,0.385,0.777,1728.9,19.97,9.7,1
B102251,0.581,0.583,1608.0,27.0,12.83,0
B102252,0.226,0.336,1542.6,20.03,24.32,1
B102253,0.399,0.592,1646.6,23.24,25.64,0
B102254,0.25,0.934,1702.6,14.92,11.55,1
B102255,0.444,1.328,1582.3,16.29,18.47,0
B102256,0.506,1.237,1646.3,22.12,11.69,0
B102257,0.35,0.969,1667.6,31.36,13.28,0
B102258,0.087,0.803,1655.9,28.58,11.37,1
B102259,0.424,0.981,1606.9,23.5,4.65,0
B102260,0.452,0.744,1561.6,20.91,15.57,0
B102261,0.449,1.416,1595.5,28.41,16.73,0
B102262,0.548,0.843,1625.2,24.77,10.97,0
B102263,0.271,0.874,1650.0,6.24,21.53,0
B102264,0.482,0.235,1618.4,13.68,12.38,0
B102265,0.543,0.841,1579.1,22.03,11.18,0
B102266,0.187,1.151,1630.5,9.28,18.16,0
B102267,0.438,0.58,1647.3,14.61,5.74,0
B102268,0.339,0.675,1620.9,15.8,20.44,0
B102269,0.39,1.138,1554.0,18.46,12.59,0
B102270,0.442,0.457,1590.0,18.28,20.94,0
B102271,0.342,1.217,1652.1,18.27,22.73,0
B102272,0.319,0.74,1523.9,24.95,18.84,1
B102273,0.404,0.783,1484.9,18.41,10.13,0
B102274,0.27,0.563,1682.9,17.69,7.5,0
B102275,0.27,1.013,1628.1,11.9,6.4,0
B102276,0.482,1.638,1633.4,26.15,21.62,0
B102277,0.262,1.134,1540.8,15.97,14.19,1
B102278,0.48,0.641,1640.6,13.48,11.4,0
B102279,0.456,1.241,1615.1,21.28,14.21,0
B102280,0.193,0.805,1512.9,15.4,21.48,1
B102281,0.319,1.312,1678.3,16.84,19.67,1
B102282,0.543,1.142,1608.7,21.55,17.63,0
B102283,0.282,0.1,1578.2,18.04,18.83,0
B102284,0.344,0.599,1579.2,33.87,16.08,0
B102285,0.455,1.183,1489.2,19.55,16.81,0
B102286,0.494,0.945,1632.6,23.71,16.33,0
B102287,0.37,0.593,1614.4,8.35,15.0,0
B102288,0.328,0.71,1589.3,14.84,19.52,0
B102289,0.571,0.328,1670.3,13.48,17.17,0
B102290,0.609,0.873,1523.9,14.27,9.72,1
B102291,0.517,1.563,1567.2,22.49,18.17,1
B102292,0.41,1.141,1553.2,26.21,16.48,1
B102293,0.303,1.557,1584.7,22.07,18.67,0
B102294,0.3,1.165,1603.7,18.64,14.37,0
B102295,0.463,1.208,1623.7,16.21,19.87,0
B102296,0.45,1.492,1580.9,26.68,14.63,0
B102297,0.568,1.013,1551.7,32.43,19.34,0
B102298,0.478,0.844,1692.7,20.81,12.26,1
B102299,0.22,1.21,1732.6,25.64,12.68,0
B102300,0.526,1.336,1607.9,22.06,18.61,0
B102301,0.28,0.756,1558.4,24.53,13.01,0
B102302,0.354,0.684,1681.1,13.01,28.23,0
B102303,0.43,0.942,1520.4,17.07,18.4,0
B102304,0.639,1.149,1581.6,22.37,15.15,1
B102305,0.773,1.139,1561.7,27.27,19.92,1
B102306,0.473,0.473,1536.2,15.09,12.12,0
B102307,0.378,1.473,1584.6,7.8,20.54,0
B102308,0.464,0.708,1552.5,17.01,20.37,1
B102309,0.507,0.82,1600.7,26.06,22.52,0
B102310,0.362,0.629,1601.5,10.5,12.36,0
B102311,0.615,1.709,1565.8,12.94,7.66,1
B102312,0.428,0.973,1579.6,20.94,11.34,0
B102313,0.46,0.645,1587.3,19.3,13.31,0
B102314,0.48,1.159,1644.5,23.57,25.0,1
B102315,0.451,1.131,1591.8,12.63,28.17,0
B102316,0.501,0.844,1645.4,18.05,17.07,0
B102317,0.326,1.152,1632.2,27.17,15.06,0
B102318,0.333,0.652,1631.4,12.84,12.9,0
B102319,0.268,0.752,1676.3,28.86,19.95,0
B102320,0.453,0.297,1538.4,13.6,28.13,1
B102321,0.493,0.503,1574.0,25.1,25.72,0
B102322,0.455,1.442,1697.0,17.76,21.83,0
B102323,0.601,1.392,1585.8,13.13,21.74,0
B102324,0.399,0.92,1450.0,17.02,19.99,1
B102325,0.48,1.399,1588.8,23.27,14.72,0
B102326,0.269,0.852,1607.4,19.96,10.58,0
B102327,0.354,0.827,1456.1,26.71,14.88,1
B102328,0.483,0.917,1673.4,28.61,17.53,0
B102329,0.502,0.863,1560.7,12.9,6.28,0
B102330,0.365,0.835,1618.1,12.46,14.08,0
B102331,0.391,1.243,1587.6,12.17,10.04,0
B102332,0.218,0.945,1529.1,14.6,21.08,0
B102333,0.357,1.114,1541.1,26.63,11.7,1
B102334,0.507,1.209,1548.6,23.36,16.97,0
B102335,0.469,1.016,1659.7,16.73,10.8,0
B102336,0.46,0.609,1591.9,19.93,24.59,0
B102337,0.406,0.494,1571.3,28.43,4.8,0
B102338,0.401,0.945,1548.6,31.45,17.86,1
B102339,0.321,0.849,1665.8,21.56,7.34,0
B102340,0.484,0.926,1680.5,5.0,11.94,0
B102341,0.451,0.895,1665.2,21.78,16.24,0
B102342,0.459,1.675,1627.1,25.61,16.53,0
B102343,0.337,0.501,1615.9,21.35,16.38,0
B102344,0.142,0.303,1533.1,24.36,15.91,1
B102345,0.532,1.0,1586.5,22.14,11.15,0
B102346,0.343,0.787,1562.4,12.59,14.02,1
B102347,0.296,0.995,1499.6,14.68,15.19,0
B102348,0.483,1.075,1658.1,18.07,16.17,0
B102349,0.353,1.285,1561.7,26.39,14.61,1
B102350,0.527,0.448,1665.8,15.4,19.38,1
B102351,0.474,0.733,1648.5,22.74,15.56,1
B102352,0.482,1.029,1630.6,21.82,16.21,0
B102353,0.236,1.131,1633.7,29.52,12.7,0
B102354,0.545,1.558,1566.2,19.75,8.69,0
B102355,0.431,1.187,1702.2,9.47,15.92,0
B102356,0.356,0.883,1602.4,23.88,22.24,0
B102357,0.417,0.633,1616.6,32.83,17.66,0
B102358,0.187,0.731,1564.3,24.27,10.1,0
B102359,0.449,0.722,1548.8,15.27,19.89,0
B102360,0.276,1.097,1626.3,13.51,12.99,0
B102361,0.238,0.977,1612.0,14.28,19.29,1
B102362,0.217,0.503,1556.6,32.02,12.79,0
B102363,0.534,0.769,1520.9,18.04,17.12,0
B102364,0.324,1.163,1530.2,16.02,11.89,0
B102365,0.584,1.005,1665.8,19.05,12.04,0
B102366,0.336,1.071,1566.3,18.1,5.6,0
B102367,0.195,1.015,1581.4,29.41,18.07,0
B102368,0.266,1.388,1679.8,13.91,17.22,1
B102369,0.548,0.971,1538.3,27.08,17.56,1
B102370,0.381,0.784,1560.0,20.73,16.65,0
B102371,0.334,0.625,1557.7,27.24,10.43,1
B102372,0.419,0.975,1689.0,29.5,20.8,0
B102373,0.46,0.168,1709.6,20.51,20.96,1
B102374,0.534,0.845,1641.3,18.11,10.27,0
B102375,0.574,0.838,1643.1,20.4,18.19,0
B102376,0.357,0.491,1568.1,19.43,20.25,1
B102377,0.241,0.622,1707.1,10.06,12.18,0
B102378,0.35,1.143,1614.7,29.31,13.22,0
B102379,0.431,0.969,1646.9,21.47,18.2,0
B102380,0.284,0.931,1594.2,13.02,5.94,0
B102381,0.285,0.992,1585.3,7.59,8.47,0
B102382,0.441,0.928,1691.5,6.03,9.06,0
B102383,0.394,1.273,1629.7,24.62,4.22,0
B102384,0.404,0.937,1679.8,16.29,21.51,1
B102385,0.309,0.463,1614.0,17.27,3.07,0
B102386,0.372,1.389,1553.3,22.93,17.06,0
B102387,0.289,1.011,1567.9,16.9,19.87,0
B102388,0.507,0.723,1605.7,23.28,13.24,0
B102389,0.524,0.524,1565.5,20.57,10.99,0
B102390,0.178,1.019,1539.1,19.5,16.4,1
B102391,0.288,0.865,1666.1,10.56,15.01,0
B102392,0.22,1.372,1570.0,15.08,21.02,1
B102393,0.322,0.796,1607.6,23.62,2.0,0
B102394,0.39,0.649,1616.3,15.91,9.49,0
B102395,0.226,1.169,1567.7,27.23,18.37,0
B102396,0.289,1.178,1679.8,34.08,15.3,1
B102397,0.28,0.951,1538.6,23.94,19.51,0
B102398,0.425,1.103,1614.4,28.96,16.57,0
B102399,0.408,0.889,1613.5,24.32,14.19,0
B102400,0.313,0.97,1597.0,16.79,13.19,0
B102401,0.421,1.249,1528.7,21.2,28.95,0
B102402,0.334,1.088,1647.9,32.08,24.21,0
B102403,0.367,0.849,1640.9,16.86,17.97,0
B102404,0.601,1.306,1562.8,13.76,15.47,0
B102405,0.561,0.191,1638.9,13.19,18.23,0
B102406,0.244,1.516,1620.6,18.69,19.96,1
B102407,0.5,0.388,1529.6,13.98,17.51,0
B102408,0.497,0.712,1553.0,30.04,10.49,1
B102409,0.262,0.888,1662.6,21.3,25.71,0
B102410,0.498,0.856,1617.0,25.83,16.48,0
B102411,0.585,1.202,1569.0,18.21,27.08,0
B102412,0.265,0.583,1552.8,13.16,16.12,0
B102413,0.29,0.978,1571.7,12.14,13.53,0
B102414,0.522,0.727,1575.6,14.55,23.3,1
B102415,0.433,0.989,1553.5,22.09,16.81,0
B102416,0.466,0.881,1504.2,23.12,15.8,0
B102417,0.441,0.928,1662.7,23.62,7.8,0
B102418,0.447,0.735,1653.4,11.07,18.96,0
B102419,0.241,0.747,1530.0,20.0,12.04,1
B102420,0.526,0.986,1607.5,13.84,12.31,0
B102421,0.54,1.183,1550.4,22.41,12.06,1
B102422,0.372,0.721,1585.6,22.87,17.63,0
B102423,0.395,0.639,1581.0,12.97,5.79,0
B102424,0.216,1.084,1576.5,25.81,13.73,0
B102425,0.462,0.89,1710.2,34.03,20.88,0
B102426,0.469,1.149,1575.8,25.01,7.53,1
B102427,0.393,0.628,1555.5,19.02,16.04,1
B102428,0.535,0.366,1558.1,18.1,11.21,0
B102429,0.36,0.74,1657.4,18.75,12.58,0
B102430,0.468,0.67,1509.1,15.44,24.93,0
B102431,0.278,0.876,1558.1,21.51,5.1,0
B102432,0.397,0.709,1679.6,13.17,19.59,0
B102433,0.379,1.122,1613.4,8.66,12.13,0
B102434,0.427,0.814,1610.6,21.32,11.83,1
B102435,0.356,0.945,1717.3,20.13,8.33,1
B102436,0.384,0.947,1613.5,16.57,19.52,0
B102437,0.499,0.958,1561.0,12.3,13.85,0
B102438,0.348,0.893,1584.5,21.74,13.09,0
B102439,0.207,1.053,1537.6,14.06,15.66,0
B102440,0.61,0.661,1669.1,19.17,13.98,0
B102441,0.566,1.32,1631.6,30.59,3.0,1
B102442,0.245,0.829,1661.8,23.91,12.06,0
B102443,0.483,0.507,1666.7,11.79,20.37,0
B102444,0.34,0.956,1577.2,12.35,5.96,0
B102445,0.432,0.645,1548.0,20.91,8.46,0
B102446,0.435,1.1,1597.2,11.75,12.44,0
B102447,0.372,1.563,1552.0,7.99,10.65,0
B102448,0.306,0.664,1609.1,23.19,14.83,0
B102449,0.317,1.0,1662.3,21.93,8.44,0
B102450,0.29,0.373,1590.8,22.7,12.67,0
B102451,0.3,1.036,1608.2,21.58,14.71,0
B102452,0.392,0.634,1594.8,19.61,18.89,0
B102453,0.314,0.713,1644.2,16.03,22.47,1
B102454,0.482,0.57,1563.3,23.1,13.43,0
B102455,0.578,1.12,1479.2,29.18,26.33,1
B102456,0.33,1.202,1625.9,16.99,13.9,0
B102457,0.429,0.907,1654.3,13.88,19.97,1
B102458,0.46,0.641,1624.6,13.19,26.59,0
B102459,0.457,1.377,1564.8,14.8,15.84,0
B102460,0.409,0.675,1537.6,21.22,6.76,0
B102461,0.489,0.251,1627.2,7.16,15.55,0
B102462,0.458,1.038,1607.8,22.64,11.33,0
B102463,0.251,0.569,1593.1,23.86,13.35,0
B102464,0.504,1.197,1700.2,9.21,26.91,1
B102465,0.506,0.786,1547.9,14.12,7.66,0
B102466,0.308,1.081,1697.6,20.48,16.8,0
B102467,0.405,1.32,1601.7,19.14,9.73,0
B102468,0.482,0.537,1499.0,23.12,13.15,1
B102469,0.375,0.73,1590.1,19.15,19.47,0
B102470,0.529,0.877,1652.8,27.59,16.91,0
B102471,0.684,1.361,1579.9,18.07,13.65,0
B102472,0.306,0.702,1518.9,14.1,11.1,1
B102473,0.234,0.722,1591.0,13.62,16.9,1
B102474,0.436,1.043,1552.9,24.41,25.25,0
B102475,0.487,0.727,1627.0,20.18,9.59,0
B102476,0.372,0.946,1642.5,23.8,26.47,0
B102477,0.574,0.435,1541.9,23.68,22.2,0
B102478,0.239,1.564,1561.2,7.88,23.22,0
B102479,0.483,0.496,1641.6,13.16,16.85,0
B102480,0.327,0.803,1552.8,13.88,22.03,0
B102481,0.606,0.89,1540.5,15.1,8.95,0
B102482,0.639,1.474,1535.2,17.48,10.99,0
B102483,0.308,0.503,1619.4,25.99,19.59,0
B102484,0.334,1.495,1617.0,27.19,16.78,0
B102485,0.503,1.127,1562.4,18.24,14.11,0
B102486,0.354,1.025,1600.3,18.49,2.0,0
B102487,0.395,0.605,1684.0,15.77,12.39,0
B102488,0.403,1.071,1546.4,20.54,7.96,0
B102489,0.17,0.683,1492.7,21.22,17.96,1
B102490,0.398,1.28,1625.0,24.84,13.85,0
B102491,0.317,0.609,1593.9,24.79,11.23,0
B102492,0.341,0.866,1560.9,6.19,30.86,1
B102493,0.573,0.733,1635.9,19.08,21.23,0
B102494,0.249,0.604,1646.2,28.3,21.34,0
B102495,0.498,1.122,1478.5,17.37,28.21,1
B102496,0.367,1.061,1564.1,26.84,19.81,1
B102497,0.366,1.263,1727.5,18.16,10.37,1
B102498,0.495,0.366,1632.1,21.05,9.67,0
B102499,0.441,1.219,1637.2,13.18,20.79,0
B102500,0.468,1.652,1664.5,13.4,2.64,0
B102501,0.516,0.765,1600.9,24.35,14.53,0
B102502,0.36,1.469,1643.8,25.29,2.0,0
B102503,0.327,0.821,1639.5,20.16,15.59,0
B102504,0.27,0.488,1629.6,12.63,20.12,0
B102505,0.301,0.808,1582.3,20.26,16.68,0
B102506,0.754,1.214,1609.5,27.54,20.63,1
B102507,0.549,0.649,1567.6,30.46,26.79,0
B102508,0.238,0.72,1600.7,18.1,14.14,0
B102509,0.241,1.078,1535.7,10.04,31.85,0
B102510,0.458,0.901,1556.5,25.04,16.28,0
B102511,0.466,1.075,1584.5,18.34,20.69,0
B102512,0.466,0.971,1548.1,25.66,11.33,0
B102513,0.369,1.044,1572.2,21.69,24.72,0
B102514,0.385,0.77,1591.0,14.7,21.25,0
B102515,0.439,0.97,1622.1,20.35,23.83,0
B102516,0.41,0.622,1652.2,27.85,15.33,0
B102517,0.134,1.287,1574.5,19.11,7.47,0
B102518,0.372,0.71,1673.4,13.79,17.76,0
B102519,0.298,1.239,1651.6,10.47,4.82,0
B102520,0.421,0.83,1627.7,15.37,12.98,0
B102521,0.758,0.961,1608.5,17.54,16.15,0
B102522,0.444,0.752,1617.6,24.92,29.26,0
B102523,0.362,0.595,1665.3,13.27,16.91,0
B102524,0.511,0.377,1667.3,29.32,15.84,0
B102525,0.458,0.583,1673.4,11.98,14.62,0
B102526,0.45,0.803,1602.3,33.99,6.95,0
B102527,0.473,0.964,1630.5,30.35,15.51,0
B102528,0.647,1.203,1673.9,20.85,15.62,0
B102529,0.264,0.766,1565.7,10.11,9.19,0
B102530,0.457,0.635,1582.5,19.67,7.88,0
B102531,0.289,0.467,1600.9,17.68,12.11,0
B102532,0.467,1.044,1649.5,12.35,15.39,0
B102533,0.29,1.315,1650.3,21.75,12.25,0
B102534,0.35,1.28,1587.3,15.06,8.69,0
B102535,0.365,1.113,1517.0,15.71,16.74,1
B102536,0.517,1.092,1613.5,18.78,18.23,0
B102537,0.51,1.409,1549.5,16.55,15.73,0
B102538,0.251,1.0,1518.1,32.47,11.62,1
B102539,0.407,1.094,1530.5,16.79,18.57,0
B102540,0.315,0.804,1618.0,22.65,13.86,0
B102541,0.249,0.491,1674.9,20.87,7.87,0
B102542,0.374,0.695,1602.1,22.12,21.22,0
B102543,0.363,0.897,1611.6,22.57,17.12,0
B102544,0.691,0.918,1665.1,25.29,14.28,0
B102545,0.452,1.478,1515.1,21.6,5.57,0
B102546,0.235,0.924,1628.6,21.35,10.53,0
B102547,0.332,1.254,1599.4,20.35,27.11,0
B102548,0.523,0.769,1631.1,19.17,5.95,0
B102549,0.651,0.806,1573.4,14.53,13.49,0
B102550,0.21,0.501,1555.0,19.63,14.9,1
B102551,0.174,0.677,1607.7,21.45,16.92,0
B102552,0.625,1.058,1690.7,22.41,6.02,0
B102553,0.447,0.902,1647.4,21.08,16.05,0
B102554,0.296,1.183,1572.1,18.6,4.88,0
B102555,0.464,0.954,1526.2,19.66,15.58,0
B102556,0.084,0.794,1507.5,16.68,11.09,1
B102557,0.4,1.544,1672.4,21.88,9.8,0
B102558,0.439,0.872,1547.5,18.67,20.01,0
B102559,0.511,1.249,1582.1,21.08,13.59,0
B102560,0.278,0.78,1672.7,26.0,17.84,0
B102561,0.41,1.113,1511.2,15.74,18.04,1
B102562,0.289,1.178,1682.1,23.58,22.62,0
B102563,0.431,0.963,1586.0,20.2,7.75,0
B102564,0.293,0.194,1536.8,32.13,20.51,0
B102565,0.351,0.905,1586.4,18.7,15.1,0
B102566,0.281,1.269,1560.3,24.17,12.73,0
B102567,0.478,1.058,1624.2,20.09,8.1,0
B102568,0.503,1.034,1564.4,11.67,18.64,0
B102569,0.372,0.383,1494.9,16.88,9.47,0
B102570,0.405,0.684,1587.9,25.28,18.11,1
B102571,0.226,1.023,1525.4,17.4,26.57,0
B102572,0.364,1.023,1611.2,6.68,20.88,0
B102573,0.394,1.264,1534.7,19.81,23.35,0
B102574,0.714,0.857,1573.2,13.45,10.69,0
B102575,0.267,1.022,1610.0,20.79,19.58,1
B102576,0.576,0.905,1588.3,29.31,8.13,0
B102577,0.52,0.604,1613.8,24.62,13.6,0
B102578,0.434,0.223,1637.4,29.22,25.45,1
B102579,0.611,1.029,1536.3,16.63,11.35,0
B102580,0.445,0.952,1596.5,19.14,21.67,0
B102581,0.447,0.715,1450.0,13.73,21.09,0
B102582,0.394,0.414,1613.6,15.9,21.45,0
B102583,0.547,1.089,1583.5,14.44,7.4,0
B102584,0.532,0.82,1545.9,12.16,18.15,0
B102585,0.325,1.067,1617.4,28.2,14.06,0
B102586,0.242,1.459,1664.5,7.45,21.53,0
B102587,0.376,0.258,1573.8,28.22,5.07,0
B102588,0.304,0.69,1548.0,27.48,17.21,1
B102589,0.392,0.837,1609.1,23.0,16.36,0
B102590,0.548,1.336,1526.5,13.31,3.06,1
B102591,0.345,0.409,1563.7,10.51,9.69,0
B102592,0.395,1.481,1667.2,16.71,4.02,1
B102593,0.407,0.941,1603.4,23.75,10.64,0
B102594,0.502,0.871,1496.6,20.02,18.3,0
B102595,0.13,0.841,1501.2,13.74,16.17,1
B102596,0.327,0.769,1608.9,26.89,16.02,1
B102597,0.425,1.214,1647.4,30.11,8.76,0
B102598,0.544,0.579,1511.0,18.64,21.72,0
B102599,0.341,1.004,1624.7,20.66,14.89,0
B102600,0.175,0.785,1673.2,10.95,15.2,0
B102601,0.474,0.671,1703.8,17.51,20.64,1
B102602,0.324,1.676,1618.2,23.06,9.05,0
B102603,0.257,1.026,1627.9,22.13,16.37,0
B102604,0.325,1.084,1482.7,16.95,17.54,1
B102605,0.378,1.241,1715.5,18.35,11.73,0
B102606,0.327,0.474,1568.3,17.32,18.91,0
B102607,0.135,1.426,1548.7,18.33,17.86,0
B102608,0.508,0.147,1586.0,22.54,14.39,0
B102609,0.553,0.669,1683.1,8.19,14.21,0
B102610,0.478,0.762,1721.4,19.55,18.14,1
B102611,0.263,1.075,1606.9,22.1,19.73,0
B102612,0.376,0.966,1654.9,16.58,15.38,1
B102613,0.399,0.85,1602.4,17.12,21.72,1
B102614,0.472,0.896,1542.9,17.3,18.95,1
B102615,0.48,0.607,1681.2,17.13,4.27,0
B102616,0.312,0.451,1565.8,20.04,6.57,0
B102617,0.41,1.118,1684.5,20.77,22.09,0
B102618,0.455,1.108,1671.4,7.4,13.52,1
B102619,0.575,1.375,1633.8,23.92,15.99,0
B102620,0.485,0.663,1700.6,18.26,21.84,1
B102621,0.495,1.108,1722.8,31.6,14.96,1
B102622,0.41,0.815,1590.4,12.85,15.22,0
B102623,0.569,1.257,1555.5,14.8,9.79,0
B102624,0.449,1.207,1497.5,18.78,17.22,0
B102625,0.297,0.963,1723.5,22.48,18.52,0
B102626,0.568,0.798,1575.8,8.3,11.53,1
B102627,0.484,1.188,1662.4,15.03,9.47,1
B102628,0.347,1.094,1559.2,23.55,30.76,1
B102629,0.342,0.695,1684.6,14.31,14.44,0
B102630,0.436,0.502,1561.5,28.22,10.9,0
B102631,0.456,0.813,1534.5,17.28,19.24,0
B102632,0.424,1.355,1588.5,14.6,14.7,0
B102633,0.437,1.244,1570.8,23.66,8.49,0
B102634,0.604,0.566,1632.8,29.65,17.9,1
B102635,0.529,0.55,1597.2,22.5,9.88,0
B102636,0.423,1.282,1634.5,27.56,24.46,0
B102637,0.513,0.559,1584.0,30.06,17.97,0
B102638,0.276,1.053,1563.4,14.47,13.34,0
B102639,0.448,0.715,1567.9,25.63,15.66,1
B102640,0.617,1.385,1712.5,10.86,20.42,1
B102641,0.374,0.669,1612.4,22.55,16.12,0
B102642,0.298,1.243,1490.9,19.57,27.73,1
B102643,0.322,0.955,1571.4,27.46,21.82,1
B102644,0.269,0.976,1605.3,27.03,17.93,0
B102645,0.306,0.309,1701.5,23.42,9.38,1
B102646,0.356,0.239,1656.6,21.79,14.12,1
B102647,0.231,0.834,1549.3,23.05,17.87,0
B102648,0.402,0.974,1733.0,20.37,10.06,0
B102649,0.508,0.562,1598.3,19.63,22.76,0
B102650,0.291,0.573,1668.5,28.66,9.16,0
B102651,0.582,1.068,1536.5,29.38,11.18,1
B102652,0.461,1.069,1468.1,19.15,11.63,1
B102653,0.524,0.859,1522.5,21.43,19.46,0
B102654,0.321,1.134,1450.0,20.49,10.17,1
B102655,0.503,0.548,1716.2,10.33,4.2,1
B102656,0.269,0.793,1611.8,17.98,21.53,1
B102657,0.507,1.394,1549.1,29.6,12.33,0
B102658,0.421,0.92,1624.9,15.5,8.59,0
B102659,0.466,0.938,1610.4,32.69,10.47,0
B102660,0.259,1.592,1634.2,27.03,25.3,0
B102661,0.293,0.48,1666.5,22.41,11.06,0
B102662,0.472,1.139,1584.1,23.37,14.26,0
B102663,0.286,1.399,1551.6,14.5,12.32,1
B102664,0.456,0.803,1645.5,18.41,7.6,0
B102665,0.236,1.158,1644.1,28.65,10.54,0
B102666,0.502,0.605,1605.5,16.31,7.19,0
B102667,0.252,0.694,1719.8,26.37,20.74,1
B102668,0.466,1.015,1575.9,11.74,15.61,0
B102669,0.475,1.14,1550.5,12.81,29.9,0
B102670,0.316,1.236,1623.0,31.41,10.75,0
B102671,0.47,1.371,1562.9,19.93,9.85,0
B102672,0.431,0.88,1627.3,16.77,24.2,0
B102673,0.335,1.258,1554.2,28.18,21.35,0
B102674,0.279,0.797,1578.0,27.47,17.31,0
B102675,0.164,1.171,1704.0,25.52,8.32,0
B102676,0.442,0.962,1577.7,16.58,25.47,0
B102677,0.212,1.034,1556.1,18.28,14.57,0
B102678,0.411,1.027,1664.4,21.87,12.42,0
B102679,0.368,0.419,1542.2,24.17,21.86,0
B102680,0.481,0.563,1561.9,16.95,14.87,0
B102681,0.364,0.931,1631.7,21.02,8.01,1
B102682,0.36,0.394,1651.6,21.6,15.24,0
B102683,0.488,1.149,1667.1,27.72,10.31,0
B102684,0.44,1.161,1558.9,24.53,2.0,1
B102685,0.438,0.998,1632.8,10.96,9.71,0
B102686,0.456,0.564,1574.4,18.72,11.83,0
B102687,0.216,1.314,1566.7,14.43,8.07,0
B102688,0.491,1.511,1666.2,23.41,18.45,0
B102689,0.473,0.944,1569.8,25.54,10.34,1
B102690,0.278,1.053,1615.3,20.61,17.87,1
B102691,0.371,0.961,1608.6,18.39,7.6,0
B102692,0.395,1.059,1541.1,20.42,20.46,0
B102693,0.384,0.864,1653.1,21.25,7.34,0
B102694,0.44,0.89,1630.8,16.16,2.0,0
B102695,0.572,1.172,1490.8,12.69,22.42,0
B102696,0.53,1.604,1615.3,7.7,9.86,0
B102697,0.243,0.48,1557.5,27.6,25.54,1
B102698,0.475,0.869,1660.3,22.98,18.39,0
B102699,0.559,0.546,1520.5,22.18,19.74,0
B102700,0.446,1.378,1580.4,27.59,21.27,0
B102701,0.531,0.724,1619.9,12.47,15.68,0
B102702,0.641,0.467,1603.0,9.59,15.74,1
B102703,0.523,1.091,1642.0,22.31,22.69,0
B102704,0.43,1.423,1516.5,21.76,15.67,0
B102705,0.525,1.099,1690.9,9.61,10.63,0
B102706,0.417,0.961,1628.9,22.16,18.51,0
B102707,0.403,1.023,1674.8,17.6,2.32,0
B102708,0.358,1.324,1648.1,15.16,22.92,0
B102709,0.588,0.638,1599.4,18.0,23.04,1
B102710,0.302,0.866,1529.4,5.35,22.19,0
B102711,0.584,0.764,1569.0,16.45,21.96,1
B102712,0.46,0.55,1687.4,15.77,14.49,0
B102713,0.232,0.801,1676.2,23.34,14.36,1
B102714,0.444,1.232,1565.9,19.05,7.62,0
B102715,0.148,1.07,1450.0,23.83,25.49,1
B102716,0.475,1.093,1588.3,5.0,12.09,0
B102717,0.506,0.944,1584.2,14.97,17.04,0
B102718,0.329,1.057,1586.3,23.34,16.52,0
B102719,0.415,0.66,1629.1,18.15,6.96,0
B102720,0.634,0.807,1648.2,25.07,4.53,1
B102721,0.339,0.958,1654.5,9.17,15.03,0
B102722,0.273,0.983,1624.5,24.39,12.28,0
B102723,0.578,0.996,1501.0,16.17,14.46,0
B102724,0.636,0.858,1581.2,15.58,21.39,1
B102725,0.4,0.787,1726.7,25.95,16.35,1
B102726,0.521,1.847,1620.6,26.97,19.55,0
B102727,0.561,1.172,1620.2,26.21,17.67,0
B102728,0.311,1.024,1619.8,32.23,13.1,1
B102729,0.342,0.83,1622.8,27.6,8.99,0
B102730,0.548,0.765,1468.9,15.23,16.59,0
B102731,0.602,0.861,1586.8,20.85,15.5,0
B102732,0.468,0.988,1597.9,17.84,20.49,1
B102733,0.294,0.336,1670.5,32.17,14.09,0
B102734,0.638,0.429,1602.6,26.63,13.22,0
B102735,0.336,0.709,1509.4,18.87,13.62,0
B102736,0.36,0.962,1623.7,25.27,9.49,0
B102737,0.441,0.828,1555.8,12.61,23.68,1
B102738,0.586,1.343,1533.1,21.5,21.84,0
B102739,0.502,0.455,1554.1,14.37,7.72,0
B102740,0.45,0.675,1629.8,9.87,19.82,0
B102741,0.456,1.356,1669.2,24.71,3.93,0
B102742,0.405,0.939,1626.6,25.45,20.91,0
B102743,0.467,1.165,1634.8,22.74,10.82,0
B102744,0.096,1.515,1626.0,18.9,17.16,1
B102745,0.364,0.692,1605.6,12.4,3.42,0
B102746,0.429,0.87,1638.3,13.03,7.81,0
B102747,0.262,0.818,1467.0,14.18,17.81,1
B102748,0.446,0.314,1606.1,18.6,10.79,0
B102749,0.375,0.807,1542.5,26.46,9.96,0
B102750,0.611,1.164,1664.0,26.36,23.38,0
B102751,0.589,1.062,1591.9,10.11,28.27,0
B102752,0.344,1.086,1601.7,15.84,20.62,0
B102753,0.382,0.787,1517.2,15.68,8.45,1
B102754,0.391,0.703,1655.9,5.0,25.58,0
B102755,0.346,1.281,1634.5,23.4,5.63,0
B102756,0.423,0.751,1630.6,18.52,13.17,0
B102757,0.309,0.988,1555.3,19.32,15.33,0
B102758,0.264,0.949,1557.4,28.08,26.54,0
B102759,0.475,1.339,1612.3,20.53,20.48,0
B102760,0.476,1.191,1561.8,17.42,12.22,0
B102761,0.303,0.511,1623.9,23.43,9.33,0
B102762,0.507,0.544,1481.1,26.35,21.01,1
B102763,0.324,1.074,1573.2,21.78,11.8,1
B102764,0.43,0.881,1698.8,24.14,16.3,0
B102765,0.498,0.763,1624.2,19.13,6.78,0
B102766,0.396,1.205,1609.2,19.51,18.42,0
B102767,0.455,0.956,1709.2,20.68,17.93,1
B102768,0.338,0.916,1471.5,15.48,7.55,1
B102769,0.376,1.134,1555.2,16.59,21.19,0
B102770,0.375,0.787,1577.9,28.27,18.33,0
B102771,0.31,1.371,1647.2,32.05,19.44,0
B102772,0.379,0.664,1648.2,29.55,12.73,0
B102773,0.214,1.097,1552.4,12.06,16.07,0
B102774,0.341,1.33,1654.9,11.48,15.38,0
B102775,0.366,0.487,1577.8,12.86,14.11,0
B102776,0.369,0.797,1666.6,20.81,16.02,0
B102777,0.371,1.243,1543.2,5.0,22.54,0
B102778,0.393,1.247,1593.2,16.47,21.45,0
B102779,0.458,0.849,1573.0,28.44,7.91,0
B102780,0.505,0.68,1658.1,25.89,20.91,0
B102781,0.322,1.187,1571.2,16.95,22.15,0
B102782,0.256,1.255,1597.7,17.4,14.09,0
B102783,0.275,0.551,1627.9,23.4,18.05,0
B102784,0.342,0.539,1630.0,25.61,17.96,1
B102785,0.358,0.968,1648.8,16.8,9.9,0
B102786,0.308,1.089,1611.6,18.59,12.71,0
B102787,0.244,0.81,1577.0,16.6,19.5,0
B102788,0.345,1.104,1580.8,12.01,12.03,0
B102789,0.422,0.687,1601.4,18.68,20.85,0
B102790,0.471,0.266,1613.7,18.22,22.83,0
B102791,0.333,0.773,1591.9,12.44,21.86,0
B102792,0.35,0.919,1601.1,23.88,26.88,0
B102793,0.289,0.817,1516.6,22.9,14.46,1
B102794,0.396,0.552,1636.7,24.17,16.06,0
B102795,0.298,0.355,1610.0,15.39,16.92,1
B102796,0.469,0.746,1655.1,8.1,14.64,0
B102797,0.186,1.169,1600.0,22.8,18.25,0
B102798,0.357,1.277,1504.4,16.02,4.73,1
B102799,0.436,1.256,1580.3,14.66,16.23,0
B102800,0.422,0.655,1589.0,12.46,6.74,1
B102801,0.723,0.554,1640.9,18.35,9.22,1
B102802,0.442,1.049,1486.1,29.46,19.4,1
B102803,0.28,1.091,1602.3,16.97,13.81,0
B102804,0.389,1.02,1628.3,13.46,19.19,1
B102805,0.187,0.296,1563.6,23.91,13.68,0
B102806,0.39,0.64,1604.1,21.04,21.64,0
B102807,0.3,0.891,1565.5,7.28,13.57,0
B102808,0.51,1.046,1559.9,23.97,3.27,1
B102809,0.334,1.13,1577.5,32.77,16.35,0
B102810,0.386,0.943,1560.9,5.0,2.0,0
B102811,0.324,0.999,1637.6,12.59,6.28,0
B102812,0.609,0.925,1559.6,5.0,9.7,0
B102813,0.361,1.106,1550.3,19.55,8.95,0
B102814,0.62,0.994,1697.2,25.94,11.73,1
B102815,0.498,0.92,1652.8,20.63,8.75,0
B102816,0.458,0.819,1497.6,28.35,6.56,1
B102817,0.444,0.924,1557.9,24.98,24.25,0
B102818,0.447,1.045,1613.3,30.21,10.93,1
B102819,0.169,0.98,1617.8,26.96,2.0,0
B102820,0.367,1.014,1518.0,17.58,12.83,0
B102821,0.501,1.303,1663.7,20.4,8.25,0
B102822,0.394,0.98,1645.4,14.79,9.69,1
B102823,0.231,0.705,1626.5,18.62,19.26,1
B102824,0.394,1.165,1674.6,20.37,12.31,1
B102825,0.604,0.49,1624.9,19.49,8.08,1
B102826,0.55,0.576,1624.7,28.05,17.68,0
B102827,0.393,1.001,1685.7,18.02,21.9,1
B102828,0.514,1.055,1660.6,14.41,18.22,0
B102829,0.356,0.526,1553.7,14.78,2.0,0
B102830,0.196,0.785,1634.8,23.93,8.31,0
B102831,0.289,0.718,1563.5,11.58,15.28,0
B102832,0.588,0.754,1627.7,18.79,13.53,1
B102833,0.367,1.183,1626.2,27.97,13.04,0
B102834,0.371,1.112,1523.9,21.76,9.1,0
B102835,0.364,0.894,1593.3,19.55,6.57,0
B102836,0.628,0.736,1614.6,19.78,27.05,0
B102837,0.595,0.495,1576.0,13.82,15.16,0
B102838,0.666,1.326,1617.3,14.86,18.85,0
B102839,0.381,1.078,1644.3,18.83,15.04,1
B102840,0.435,0.688,1598.3,21.63,15.28,1
B102841,0.218,1.116,1612.4,25.69,14.63,0
B102842,0.577,0.879,1676.1,20.56,8.28,0
B102843,0.26,0.814,1626.0,28.12,5.91,0
B102844,0.426,1.031,1611.0,29.63,17.32,0
B102845,0.268,0.678,1547.3,24.77,16.13,1
B102846,0.329,0.797,1636.9,27.35,20.63,0
B102847,0.3,0.936,1618.2,14.06,19.41,0
B102848,0.327,0.75,1670.6,13.1,10.15,0
B102849,0.335,1.101,1602.6,23.11,21.8,0
B102850,0.334,1.461,1500.1,11.95,19.59,1
B102851,0.5,0.674,1506.5,18.26,19.15,0
B102852,0.267,0.4,1640.5,24.63,28.5,0
B102853,0.426,0.299,1568.6,28.48,27.26,0
B102854,0.546,0.855,1624.0,18.47,19.14,1
B102855,0.338,0.701,1606.3,16.1,18.39,0
B102856,0.314,0.962,1590.8,21.92,21.49,1
B102857,0.372,0.94,1594.7,13.56,11.5,0
B102858,0.542,0.419,1552.4,18.96,11.58,0
B102859,0.423,0.356,1599.1,19.95,19.04,0
B102860,0.336,0.989,1567.9,19.83,9.86,0
B102861,0.458,0.941,1579.5,20.53,18.56,0
B102862,0.268,0.772,1582.2,14.99,15.94,0
B102863,0.482,0.403,1587.5,15.64,9.86,0
B102864,0.449,1.041,1650.7,15.52,15.16,0
B102865,0.363,1.282,1592.9,10.28,22.83,0
B102866,0.299,0.983,1656.3,22.05,15.49,0
B102867,0.294,0.646,1684.6,25.37,15.52,0
B102868,0.464,0.913,1647.0,24.78,16.97,0
B102869,0.547,0.49,1629.4,18.43,17.76,1
B102870,0.324,1.217,1618.0,15.13,13.01,0
B102871,0.455,0.925,1647.6,24.47,17.1,0
B102872,0.15,0.37,1604.9,23.83,8.71,0
B102873,0.33,0.81,1654.2,21.3,10.21,0
B102874,0.396,1.039,1633.8,30.47,10.97,0
B102875,0.291,0.8,1580.2,19.84,17.82,0
B102876,0.288,0.817,1649.3,18.46,15.96,0
B102877,0.32,0.533,1605.0,17.6,14.19,0
B102878,0.435,1.07,1594.2,10.63,19.14,0
B102879,0.378,0.705,1573.8,23.97,17.27,0
B102880,0.131,0.253,1609.1,19.37,13.26,1
B102881,0.146,0.789,1654.8,23.06,8.79,0
B102882,0.327,1.194,1648.9,31.05,10.08,0
B102883,0.455,0.784,1619.4,17.66,6.2,0
B102884,0.07,1.421,1633.0,5.97,15.84,1
B102885,0.34,1.029,1669.9,22.89,9.83,0
B102886,0.337,1.002,1591.8,21.0,12.03,0
B102887,0.567,0.861,1538.7,15.61,14.23,0
B102888,0.354,0.88,1671.6,22.38,21.26,0
B102889,0.446,0.821,1570.9,24.72,20.57,0
B102890,0.417,0.809,1562.0,14.32,14.67,0
B102891,0.144,1.059,1501.2,18.19,22.59,1
B102892,0.492,0.619,1631.4,28.86,2.93,0
B102893,0.426,0.577,1510.8,15.67,26.26,0
B102894,0.461,0.563,1558.7,20.4,19.15,0
B102895,0.871,1.514,1632.4,5.0,15.62,1
B102896,0.15,1.059,1639.7,11.11,9.65,0
B102897,0.607,0.991,1564.2,20.95,12.37,0
B102898,0.366,0.583,1592.6,27.37,18.66,0
B102899,0.434,1.087,1552.0,11.83,18.79,0
B102900,0.395,0.865,1569.8,20.45,19.01,0
B102901,0.349,0.964,1614.6,17.75,10.63,0
B102902,0.332,0.607,1572.4,25.72,9.42,1
B102903,0.44,0.948,1586.6,12.69,16.17,0
B102904,0.218,0.773,1519.4,22.58,19.62,1
B102905,0.49,0.67,1662.3,16.08,15.02,0
B102906,0.35,1.12,1628.1,21.34,23.89,0
B102907,0.264,0.439,1643.6,20.41,15.2,1
B102908,0.346,1.069,1671.0,18.49,15.0,0
B102909,0.551,1.105,1554.6,22.87,19.02,0
B102910,0.336,0.636,1580.3,20.26,22.32,0
B102911,0.443,0.654,1495.8,19.2,6.9,1
B102912,0.312,0.833,1750.0,17.86,8.29,1
B102913,0.491,0.985,1591.8,20.47,13.12,0
B102914,0.482,0.854,1657.1,21.33,33.95,0
B102915,0.622,1.03,1531.9,14.07,13.43,1
B102916,0.379,1.429,1654.8,17.9,14.27,0
B102917,0.48,0.748,1702.2,13.67,18.71,1
B102918,0.412,0.385,1596.7,19.76,20.86,0
B102919,0.556,1.148,1544.4,16.45,16.02,0
B102920,0.314,1.405,1592.4,24.62,21.99,0
B102921,0.489,1.018,1477.5,24.04,7.84,1
B102922,0.377,0.574,1597.9,14.46,10.4,0
B102923,0.392,0.863,1645.2,19.99,21.97,0
B102924,0.411,0.564,1598.0,23.83,15.07,0
B102925,0.43,1.093,1584.4,18.95,7.43,0
B102926,0.386,0.495,1629.0,15.63,7.06,0
B102927,0.426,0.81,1633.2,13.45,10.13,0
B102928,0.589,0.599,1508.7,25.13,15.01,1
B102929,0.518,0.938,1604.9,25.42,17.8,0
B102930,0.504,0.79,1734.0,18.75,13.03,1
B102931,0.345,0.953,1526.6,24.6,17.31,0
B102932,0.293,0.907,1595.3,5.0,12.38,0
B102933,0.515,0.604,1706.8,27.97,22.34,1
B102934,0.505,1.088,1660.7,19.06,30.31,0
B102935,0.577,0.885,1571.8,20.85,12.64,1
B102936,0.328,0.603,1611.3,18.08,17.88,0
B102937,0.372,1.572,1599.9,28.37,17.39,0
B102938,0.203,1.043,1558.9,13.64,15.83,0
B102939,0.353,0.854,1595.9,28.85,18.92,0
B102940,0.52,1.325,1584.6,22.38,17.87,0
B102941,0.344,1.453,1606.2,23.74,12.17,0
B102942,0.477,0.856,1558.8,18.02,22.9,0
B102943,0.377,1.004,1529.8,12.15,16.21,0
B102944,0.439,0.604,1597.7,25.58,12.69,1
B102945,0.262,0.856,1694.3,21.87,29.66,1
B102946,0.41,0.84,1604.5,28.17,14.3,0
B102947,0.05,0.955,1581.8,18.84,16.53,0
B102948,0.378,1.0,1641.5,17.48,16.05,0
B102949,0.204,1.068,1591.3,28.33,14.22,0
B102950,0.545,0.971,1702.7,31.47,17.69,0
B102951,0.493,0.537,1599.8,20.06,9.93,0
B102952,0.456,0.618,1638.5,15.48,18.58,0
B102953,0.583,0.736,1558.5,24.86,4.45,1
B102954,0.286,0.815,1627.7,18.48,7.21,0
B102955,0.61,1.215,1615.1,23.6,25.95,1
B102956,0.512,0.551,1596.9,18.44,7.46,0
B102957,0.372,0.793,1572.4,29.38,3.24,0
B102958,0.536,1.186,1564.9,15.8,7.61,0
B102959,0.267,0.81,1615.5,22.88,25.44,1
B102960,0.301,1.038,1634.6,17.07,4.25,0
B102961,0.327,0.858,1593.0,18.31,9.27,0
B102962,0.337,0.977,1615.8,17.53,6.25,1
B102963,0.273,0.831,1597.9,24.43,13.36,0
B102964,0.547,1.1,1605.4,25.51,12.38,0
B102965,0.369,0.436,1589.0,23.35,12.12,0
B102966,0.442,0.791,1601.0,19.35,26.14,0
B102967,0.332,0.989,1748.4,20.84,7.81,0
B102968,0.182,1.06,1617.1,25.39,14.39,0
B102969,0.432,1.348,1635.5,25.58,17.03,0
B102970,0.171,0.783,1624.1,5.0,9.12,0
B102971,0.392,1.344,1585.5,18.37,17.92,0
B102972,0.236,0.702,1671.2,18.65,12.6,0
B102973,0.638,1.299,1584.0,24.02,17.25,0
B102974,0.509,1.145,1658.0,19.6,14.35,0
B102975,0.413,0.626,1581.6,24.32,2.7,0
B102976,0.552,0.992,1547.2,13.53,22.84,1
B102977,0.298,0.885,1620.1,21.56,27.42,1
B102978,0.465,1.088,1539.2,25.4,13.94,1
B102979,0.424,0.833,1629.5,11.15,9.61,0
B102980,0.432,0.808,1534.3,35.08,24.04,0
B102981,0.553,1.311,1582.5,27.15,26.34,0
B102982,0.488,0.87,1521.3,20.01,13.99,0
B102983,0.435,1.148,1750.0,15.03,13.69,1
B102984,0.201,0.832,1509.0,18.95,14.52,0
B102985,0.285,1.4,1600.5,20.5,4.95,0
B102986,0.385,0.696,1662.9,22.64,13.25,0
B102987,0.411,0.716,1657.0,29.0,25.29,0
B102988,0.264,1.357,1646.8,17.14,13.99,0
B102989,0.689,0.767,1582.6,23.38,8.76,0
B102990,0.582,1.38,1674.3,12.25,17.98,0
B102991,0.472,1.168,1650.2,17.52,11.0,0
B102992,0.409,0.854,1611.7,22.26,14.6,0
B102993,0.375,0.356,1613.2,24.15,7.39,0
B102994,0.286,0.894,1583.3,15.48,8.78,0
B102995,0.409,0.93,1550.0,17.36,19.43,0
B102996,0.431,1.25,1668.0,28.76,15.7,0
B102997,0.251,1.377,1672.2,26.97,10.34,0
B102998,0.44,0.695,1551.4,21.25,15.72,1
B102999,0.381,1.14,1591.5,6.58,11.36,0
B103000,0.171,1.13,1592.1,35.07,10.3,0
B103001,0.297,1.222,1598.2,19.88,21.98,0
B103002,0.35,1.05,1603.5,18.12,19.7,0
B103003,0.627,0.317,1652.1,16.87,14.87,0
B103004,0.467,0.853,1558.9,22.26,15.87,0
B103005,0.24,0.553,1553.5,22.32,14.95,0
B103006,0.458,0.839,1668.0,25.7,17.92,0
B103007,0.214,1.194,1574.6,14.44,10.2,0
B103008,0.53,0.992,1530.5,18.13,20.18,1
B103009,0.343,1.244,1573.3,32.18,17.12,0
B103010,0.389,1.003,1581.8,21.35,13.42,0
B103011,0.559,0.511,1685.5,18.96,12.07,1
B103012,0.246,0.144,1650.9,14.35,20.05,0
B103013,0.232,0.945,1663.1,23.04,14.1,0
B103014,0.33,0.836,1645.1,26.19,10.81,0
B103015,0.525,0.607,1652.0,25.25,12.69,1
B103016,0.218,0.39,1562.2,18.45,19.62,0
B103017,0.06,0.68,1589.1,22.17,5.34,0
B103018,0.346,0.842,1545.6,30.03,12.87,1
B103019,0.466,1.1,1588.4,26.43,21.42,1
B103020,0.544,0.957,1637.6,15.3,13.99,0
B103021,0.344,1.382,1607.4,5.0,16.64,0
B103022,0.351,0.589,1672.1,21.78,21.52,0
B103023,0.538,1.164,1537.2,24.79,20.35,1
B103024,0.176,0.914,1627.5,13.46,12.36,0
B103025,0.353,1.108,1531.3,19.95,14.22,0
B103026,0.423,0.769,1605.2,18.42,20.43,0
B103027,0.454,1.222,1640.7,20.63,20.64,1
B103028,0.339,0.989,1588.2,16.73,14.47,0
B103029,0.404,0.696,1630.3,27.74,14.68,0
B103030,0.101,0.896,1547.2,20.89,16.61,0
B103031,0.321,0.828,1508.5,14.73,23.2,1
B103032,0.454,1.047,1630.6,25.5,21.41,0
B103033,0.282,0.546,1695.9,12.41,19.16,0
B103034,0.407,0.891,1545.2,27.71,8.53,0
B103035,0.454,1.019,1667.2,25.95,13.35,0
B103036,0.359,0.91,1602.4,28.34,13.67,0
B103037,0.42,1.304,1526.5,19.05,23.51,0
B103038,0.284,1.132,1537.8,17.02,13.57,0
B103039,0.375,0.898,1600.9,20.5,22.52,0
B103040,0.473,0.965,1577.8,19.49,11.58,0
B103041,0.419,0.989,1527.8,16.08,12.05,0
B103042,0.33,1.021,1506.8,16.68,17.89,0
B103043,0.427,0.352,1553.4,17.8,24.41,0
B103044,0.486,0.81,1610.7,12.98,13.73,0
B103045,0.154,0.455,1599.6,24.07,2.0,0
B103046,0.539,1.283,1572.4,19.69,5.61,0
B103047,0.36,0.882,1611.1,18.15,16.79,0
B103048,0.451,0.842,1657.2,13.34,6.15,0
B103049,0.544,1.169,1621.7,13.04,9.81,0
B103050,0.235,1.027,1593.3,31.62,15.07,0
B103051,0.315,0.561,1651.0,16.24,2.0,0
B103052,0.365,0.879,1547.2,23.66,12.72,0
B103053,0.306,0.799,1587.6,20.98,8.01,0
B103054,0.608,0.377,1588.9,5.0,6.0,1
B103055,0.297,0.693,1532.0,30.75,10.19,1
B103056,0.333,0.845,1576.9,24.1,8.58,0
B103057,0.425,0.866,1485.9,15.39,17.82,0
B103058,0.256,0.455,1705.2,19.83,22.18,1
B103059,0.353,1.245,1548.4,13.1,12.81,0
B103060,0.438,0.869,1687.2,30.96,11.42,1
B103061,0.36,0.911,1602.1,14.55,12.51,0
B103062,0.389,1.02,1631.1,16.86,8.35,1
B103063,0.336,0.664,1573.1,15.62,7.27,0
B103064,0.218,1.037,1611.4,20.48,5.13,0
B103065,0.439,0.79,1635.8,28.22,7.02,0
B103066,0.611,0.631,1636.6,30.74,24.79,0
B103067,0.402,1.072,1642.6,17.61,10.86,0
B103068,0.427,1.348,1579.7,22.27,2.0,1
B103069,0.483,1.117,1573.6,20.49,11.48,0
B103070,0.248,1.177,1512.3,14.11,5.46,1
B103071,0.604,0.744,1628.8,34.54,15.36,0
B103072,0.424,0.421,1659.5,28.18,14.71,0
B103073,0.596,1.347,1688.9,21.13,15.34,0
B103074,0.312,1.516,1616.8,29.49,14.76,0
B103075,0.618,1.363,1557.8,27.27,12.76,1
B103076,0.493,0.799,1506.7,20.49,6.26,1
B103077,0.466,0.554,1657.3,21.96,14.55,0
B103078,0.428,0.58,1501.2,29.07,21.11,1
B103079,0.37,0.395,1581.3,14.32,25.88,0
B103080,0.544,0.868,1587.7,30.04,13.57,0
B103081,0.417,1.382,1596.2,18.65,14.22,0
B103082,0.164,0.858,1602.0,29.15,18.0,0
B103083,0.266,0.991,1607.6,19.97,23.96,0
B103084,0.378,1.313,1467.2,22.03,12.08,1
B103085,0.437,0.779,1600.8,19.79,19.16,0
B103086,0.393,1.511,1477.4,16.81,10.06,1
B103087,0.546,1.498,1640.3,18.38,16.98,0
B103088,0.166,0.861,1569.5,28.27,20.82,0
B103089,0.417,0.727,1481.4,6.12,7.25,1
B103090,0.182,1.109,1555.2,12.57,11.85,0
B103091,0.491,0.796,1568.6,15.65,20.73,0
B103092,0.389,0.553,1665.5,13.53,18.7,0
B103093,0.45,1.284,1610.8,29.06,21.22,1
B103094,0.296,1.265,1618.9,27.55,20.09,0
B103095,0.554,0.947,1665.0,23.55,12.95,0
B103096,0.525,0.521,1594.7,16.17,28.2,0
B103097,0.47,0.531,1641.5,28.01,15.82,0
B103098,0.384,0.932,1637.6,10.47,2.0,0
B103099,0.47,0.75,1529.2,32.85,13.31,1
B103100,0.315,0.798,1681.0,15.89,12.18,0
B103101,0.503,1.207,1521.9,18.43,19.77,0
B103102,0.598,1.12,1650.5,17.42,12.29,0
B103103,0.528,1.313,1516.6,13.56,21.59,1
B103104,0.312,0.603,1633.1,31.55,18.35,0
B103105,0.443,0.797,1702.4,24.73,9.0,0
B103106,0.245,1.128,1588.3,27.29,14.16,1
B103107,0.469,1.034,1585.9,12.66,10.35,0
B103108,0.454,1.36,1633.6,21.09,16.11,0
B103109,0.176,1.026,1581.9,23.13,10.31,0
B103110,0.261,1.454,1700.0,21.62,15.45,1
B103111,0.366,1.062,1610.6,13.04,13.37,0
B103112,0.364,1.219,1582.4,26.45,14.09,0
B103113,0.255,0.803,1570.3,20.73,27.31,0
B103114,0.447,0.904,1548.7,14.27,12.84,0
B103115,0.43,1.173,1565.5,8.87,3.39,0
B103116,0.377,1.384,1580.7,23.64,21.09,0
B103117,0.309,1.119,1573.2,34.7,21.05,0
B103118,0.526,0.875,1563.8,13.91,3.13,0
B103119,0.599,1.313,1715.4,21.02,10.79,1
B103120,0.342,0.242,1543.3,26.66,17.61,0
B103121,0.327,0.473,1608.1,12.38,18.15,1
B103122,0.459,1.104,1632.6,17.12,14.97,0
B103123,0.357,0.904,1634.7,14.84,15.11,0
B103124,0.383,1.082,1596.8,25.91,9.37,1
B103125,0.489,0.919,1586.8,27.95,2.0,0
B103126,0.171,1.071,1624.8,20.95,27.3,1
B103127,0.558,0.656,1614.7,14.95,9.19,0
B103128,0.409,1.071,1585.8,17.34,16.06,0
B103129,0.351,1.198,1514.1,16.22,14.05,0
B103130,0.389,1.266,1574.3,14.14,20.38,1
B103131,0.395,1.504,1536.9,19.39,15.69,1
B103132,0.192,0.973,1563.3,23.45,15.92,0
B103133,0.579,0.982,1601.8,22.94,2.0,0
B103134,0.405,0.443,1619.7,19.95,10.0,0
B103135,0.453,0.741,1697.9,20.34,19.47,1
B103136,0.514,0.842,1570.4,19.51,18.93,0
B103137,0.277,1.215,1642.6,12.22,9.29,1
B103138,0.457,0.717,1616.8,20.96,5.53,0
B103139,0.368,1.139,1671.3,16.5,15.76,0
B103140,0.502,0.9,1631.7,11.92,2.0,0
B103141,0.145,0.847,1544.5,22.22,8.11,1
B103142,0.388,0.975,1505.2,16.33,25.56,0
B103143,0.328,0.783,1617.1,21.37,23.67,0
B103144,0.452,0.771,1570.9,25.09,17.92,0
B103145,0.456,0.389,1546.1,14.3,16.84,0
B103146,0.315,0.826,1530.3,20.55,3.3,0
B103147,0.315,0.756,1608.9,9.14,10.56,0
B103148,0.387,0.745,1682.9,29.2,13.23,0
B103149,0.292,1.025,1577.5,11.85,10.68,0
B103150,0.501,1.098,1632.5,16.91,12.9,0
B103151,0.356,0.97,1594.4,28.03,22.8,0
B103152,0.051,1.199,1529.1,18.59,11.75,1
B103153,0.355,1.073,1640.4,12.82,12.95,0
B103154,0.275,0.811,1539.8,24.28,19.44,0
B103155,0.204,0.761,1601.2,24.14,6.48,0
B103156,0.252,0.994,1581.2,16.2,9.96,0
B103157,0.413,1.072,1649.1,16.85,10.57,0
B103158,0.559,1.319,1541.8,17.39,15.33,1
B103159,0.438,1.257,1621.5,18.76,12.93,0
B103160,0.327,0.738,1553.8,8.64,13.12,0
B103161,0.455,0.869,1571.9,18.91,11.01,0
B103162,0.345,1.101,1450.0,30.7,8.58,1
B103163,0.317,1.22,1715.1,14.62,18.65,1
B103164,0.261,1.182,1630.3,16.5,12.97,0
B103165,0.19,0.881,1557.8,12.9,18.71,0
B103166,0.353,0.524,1538.1,23.67,8.33,1
B103167,0.419,0.6,1572.7,27.22,11.01,0
B103168,0.388,0.982,1639.4,27.08,13.67,0
B103169,0.35,1.003,1495.9,12.51,14.23,0
B103170,0.287,0.57,1592.2,23.0,19.53,0
B103171,0.473,0.913,1697.4,28.6,12.42,1
B103172,0.242,1.089,1537.6,23.06,19.48,1
B103173,0.493,0.555,1604.4,22.87,17.25,0
B103174,0.28,1.231,1721.2,17.17,14.36,0
B103175,0.31,0.787,1634.8,21.32,9.29,0
B103176,0.224,1.277,1606.9,27.42,19.54,0
B103177,0.34,0.74,1627.9,21.97,9.44,0
B103178,0.517,0.592,1578.0,12.51,14.87,0
B103179,0.462,0.763,1671.5,17.26,14.68,1
B103180,0.517,0.871,1578.0,27.26,13.76,0
B103181,0.463,0.783,1492.2,21.95,12.66,1
B103182,0.268,0.835,1578.5,20.71,10.07,0
B103183,0.36,1.0,1546.8,16.68,5.3,0
B103184,0.306,0.849,1584.5,27.13,23.42,0
B103185,0.56,0.88,1585.8,29.97,12.05,0
B103186,0.256,0.387,1665.9,27.58,14.23,1
B103187,0.507,1.018,1638.2,28.66,14.19,1
B103188,0.507,0.873,1614.5,17.85,21.57,0
B103189,0.62,1.383,1599.8,17.0,26.6,0
B103190,0.351,0.618,1541.8,19.06,15.96,0
B103191,0.485,0.358,1480.0,20.23,14.06,1
B103192,0.674,1.085,1606.2,28.59,8.26,1
B103193,0.326,1.004,1643.7,27.0,6.34,0
B103194,0.216,0.597,1594.0,23.23,4.36,0
B103195,0.174,0.441,1570.6,11.41,10.22,1
B103196,0.486,1.361,1625.5,9.87,2.45,0
B103197,0.174,1.324,1595.4,21.44,21.47,0
B103198,0.355,0.154,1692.7,25.28,17.54,0
B103199,0.452,0.763,1667.8,19.52,13.49,0
B103200,0.422,1.399,1652.8,31.49,21.66,0
B103201,0.451,0.757,1641.7,13.51,8.57,0
B103202,0.427,0.753,1529.0,12.75,10.08,0
B103203,0.553,0.815,1636.5,16.01,3.4,1
B103204,0.286,0.564,1620.7,15.79,19.65,0
B103205,0.319,0.389,1633.4,23.16,10.14,1
B103206,0.307,1.216,1627.1,17.47,15.09,0
B103207,0.5,0.347,1624.9,10.71,21.02,0
B103208,0.508,0.974,1748.5,25.35,23.23,1
B103209,0.454,1.166,1595.8,9.44,14.83,0
B103210,0.542,0.465,1651.5,13.57,17.31,0
B103211,0.259,0.623,1574.1,10.26,9.58,0
B103212,0.6,1.264,1643.5,21.24,25.1,0
B103213,0.583,1.06,1651.7,21.12,14.0,1
B103214,0.488,0.715,1620.0,31.5,15.48,1
B103215,0.614,1.261,1691.8,25.48,12.56,1
B103216,0.201,1.262,1551.4,28.65,22.2,0
B103217,0.337,0.981,1573.2,21.73,16.2,0
B103218,0.312,0.63,1611.7,14.14,19.57,0
B103219,0.487,0.776,1648.4,20.77,17.12,0
B103220,0.274,0.986,1609.9,23.55,13.68,0
B103221,0.491,0.843,1670.7,24.22,20.58,0
B103222,0.564,1.182,1563.6,17.17,17.07,0
B103223,0.483,0.441,1537.3,22.93,9.23,0
B103224,0.434,0.452,1616.9,14.4,9.06,0
B103225,0.281,0.954,1595.8,13.74,15.89,0
B103226,0.298,0.753,1629.9,13.31,20.44,0
B103227,0.55,0.712,1598.5,20.15,24.84,0
B103228,0.494,0.37,1581.3,12.93,4.34,0
B103229,0.395,0.906,1595.9,17.45,15.15,0
B103230,0.35,0.884,1601.6,25.42,17.94,1
B103231,0.157,1.096,1583.2,13.83,16.77,0
B103232,0.271,0.921,1588.8,16.97,21.06,0
B103233,0.629,0.86,1577.8,20.43,18.93,1
B103234,0.246,1.253,1647.1,21.48,9.09,0
B103235,0.423,0.506,1610.7,17.0,8.91,0
B103236,0.521,1.061,1724.1,24.72,16.87,1
B103237,0.249,0.399,1608.8,23.54,20.94,0
B103238,0.422,0.648,1569.7,26.84,15.86,0
B103239,0.513,0.536,1746.9,19.51,5.53,1
B103240,0.401,1.135,1622.7,16.92,8.72,0
B103241,0.744,0.88,1654.5,15.9,19.15,1
B103242,0.2,0.896,1632.6,21.84,12.91,0
B103243,0.527,0.568,1634.3,17.74,15.71,1
B103244,0.379,0.81,1629.5,16.58,21.39,0
B103245,0.493,0.671,1539.4,17.31,7.79,0
B103246,0.453,1.015,1620.2,15.9,12.51,0
B103247,0.312,0.603,1527.1,21.19,11.86,0
B103248,0.427,1.299,1590.4,11.52,17.13,0
B103249,0.177,0.397,1560.1,21.82,19.64,0
B103250,0.472,0.658,1619.7,24.06,6.12,0
B103251,0.436,1.403,1618.4,16.51,14.97,0
B103252,0.477,0.769,1626.5,31.53,20.22,1
B103253,0.527,0.506,1615.8,20.11,3.87,0
B103254,0.444,0.966,1566.6,10.63,14.61,0
B103255,0.418,0.757,1585.6,18.31,7.71,0
B103256,0.294,0.649,1650.6,20.38,11.15,0
B103257,0.315,0.571,1658.7,22.69,2.0,0
B103258,0.542,1.731,1536.9,18.46,23.36,0
B103259,0.572,0.825,1515.8,13.93,12.87,0
B103260,0.371,0.322,1560.0,13.43,10.16,0
B103261,0.406,1.348,1657.5,16.08,16.97,0
B103262,0.291,1.083,1666.8,16.65,8.75,0
B103263,0.541,0.67,1549.1,13.19,8.18,0
B103264,0.48,0.62,1616.9,15.6,24.06,0
B103265,0.633,1.102,1700.9,23.96,25.85,1
B103266,0.295,0.826,1622.8,29.89,11.45,0
B103267,0.355,0.322,1678.2,24.53,21.4,1
B103268,0.428,1.436,1654.9,27.84,17.14,0
B103269,0.478,0.77,1549.9,25.84,6.52,0
B103270,0.374,1.349,1589.6,25.0,9.43,0
B103271,0.295,1.284,1601.9,17.97,24.31,1
B103272,0.506,0.6,1605.7,20.85,6.44,1
B103273,0.487,1.21,1650.4,17.48,28.69,0
B103274,0.29,0.705,1622.5,18.69,11.57,0
B103275,0.563,0.34,1450.0,20.41,24.48,1
B103276,0.54,0.773,1527.8,24.28,13.17,1
B103277,0.416,1.019,1479.7,22.54,19.8,1
B103278,0.41,0.761,1609.6,19.03,23.37,0
B103279,0.466,0.808,1613.2,20.33,23.34,0
B103280,0.297,1.243,1615.6,22.6,11.49,0
B103281,0.404,0.932,1547.3,24.0,9.86,0
B103282,0.142,0.647,1637.1,10.89,14.51,0
B103283,0.505,1.111,1639.4,13.54,7.2,0
B103284,0.213,0.959,1531.0,26.64,16.44,0
B103285,0.58,0.144,1519.4,19.63,10.08,1
B103286,0.36,1.029,1600.0,17.46,21.5,1
B103287,0.375,1.018,1698.5,18.42,11.58,0
B103288,0.325,0.906,1693.5,18.42,4.55,1
B103289,0.365,1.168,1631.0,23.35,23.41,0
B103290,0.57,0.698,1559.9,13.35,16.1,0
B103291,0.101,1.001,1648.8,20.15,15.17,0
B103292,0.553,0.43,1575.1,21.48,21.57,0
B103293,0.441,1.022,1557.8,22.38,20.23,1
B103294,0.255,1.486,1482.1,21.34,10.43,0
B103295,0.271,0.602,1605.6,23.1,12.3,1
B103296,0.601,0.672,1565.4,16.56,8.32,0
B103297,0.287,0.687,1605.3,14.35,6.21,0
B103298,0.262,0.939,1473.5,34.74,18.47,1
B103299,0.536,0.581,1609.3,18.19,17.35,0
B103300,0.441,1.026,1466.3,18.89,19.56,0
B103301,0.287,1.154,1659.8,24.07,22.69,0
B103302,0.426,1.06,1628.7,29.58,19.65,0
B103303,0.277,0.369,1584.7,16.73,20.18,0
B103304,0.532,1.199,1630.9,14.01,2.53,0
B103305,0.527,1.181,1546.2,12.55,13.16,0
B103306,0.464,1.149,1604.0,29.56,20.79,0
B103307,0.443,1.012,1643.7,13.77,7.99,1
B103308,0.611,0.966,1450.0,19.83,15.55,1
B103309,0.4,1.21,1575.4,14.14,18.12,0
B103310,0.258,1.477,1598.8,11.31,17.66,0
B103311,0.454,0.614,1589.2,18.25,17.21,0
B103312,0.65,1.223,1680.1,14.37,18.59,1
B103313,0.278,0.874,1538.2,15.85,16.08,0
B103314,0.357,0.861,1565.8,32.04,6.22,0
B103315,0.45,0.439,1494.6,22.55,18.04,1
B103316,0.394,0.815,1683.1,25.59,16.71,0
B103317,0.282,0.601,1586.5,24.95,6.3,0
B103318,0.535,0.761,1575.9,19.39,23.28,0
B103319,0.678,0.571,1597.1,17.36,18.2,1
B103320,0.424,0.765,1635.0,21.49,6.72,1
B103321,0.292,0.778,1619.1,21.01,10.1,1
B103322,0.214,0.929,1745.6,16.59,11.62,1
B103323,0.431,0.416,1625.0,20.78,11.61,1
B103324,0.532,0.466,1574.4,15.76,16.76,0
B103325,0.457,1.009,1569.1,18.97,9.14,0
B103326,0.4,0.661,1578.4,17.99,21.77,0
B103327,0.329,1.222,1517.4,12.39,21.27,0
B103328,0.269,0.968,1602.2,5.89,18.72,0
B103329,0.5,1.082,1643.1,14.37,15.27,0
B103330,0.51,1.323,1566.3,30.82,20.62,1
B103331,0.215,0.807,1555.6,18.14,13.34,1
B103332,0.591,0.728,1683.4,24.66,10.65,1
B103333,0.469,1.162,1521.5,7.25,22.14,0
B103334,0.568,1.053,1486.3,13.95,16.91,0
B103335,0.239,0.844,1536.6,11.87,10.9,0
B103336,0.236,1.317,1515.3,18.79,12.49,1
B103337,0.382,0.836,1621.2,34.53,10.58,0
B103338,0.46,0.91,1580.2,22.76,27.13,0
B103339,0.616,0.906,1587.9,30.17,15.02,0
B103340,0.485,0.62,1663.4,18.47,15.95,0
B103341,0.371,0.923,1562.0,28.19,19.33,1
B103342,0.277,1.319,1642.6,32.44,7.71,0
B103343,0.548,1.033,1683.1,19.34,21.58,1
B103344,0.284,0.909,1574.9,16.76,11.35,0
B103345,0.595,0.851,1640.5,12.09,25.98,0
B103346,0.366,0.999,1586.7,18.15,13.12,0
B103347,0.591,1.125,1650.8,20.49,21.23,0
B103348,0.481,1.083,1513.6,32.19,2.0,1
B103349,0.384,0.8,1509.5,12.23,7.95,0
B103350,0.338,0.997,1578.5,20.36,13.24,0
B103351,0.359,1.044,1551.1,9.11,2.82,0
B103352,0.451,0.598,1571.6,17.44,18.61,0
B103353,0.409,0.95,1587.9,21.87,16.88,0
B103354,0.329,0.252,1639.6,23.08,9.06,0
B103355,0.38,1.045,1577.6,23.53,14.9,0
B103356,0.409,1.098,1554.7,22.38,19.84,0
B103357,0.145,1.124,1580.7,23.48,2.38,0
B103358,0.455,0.781,1557.7,20.27,7.36,0
B103359,0.282,0.993,1548.6,13.71,12.99,0
B103360,0.262,1.327,1511.3,8.89,15.14,0
B103361,0.198,1.324,1603.8,16.72,14.65,1
B103362,0.185,0.891,1568.7,19.19,20.34,0
B103363,0.237,0.942,1653.1,27.52,17.86,0
B103364,0.315,1.233,1520.4,19.4,19.18,0
B103365,0.634,0.45,1570.2,18.82,6.66,0
B103366,0.337,0.803,1699.7,22.31,15.87,1
B103367,0.421,1.301,1548.3,18.38,13.16,0
B103368,0.448,1.193,1587.0,24.86,23.77,0
B103369,0.416,1.011,1533.1,31.88,16.05,0
B103370,0.391,0.448,1525.8,33.14,10.99,1
B103371,0.257,0.885,1685.1,20.58,20.12,1
B103372,0.574,0.723,1609.4,22.02,18.38,0
B103373,0.617,0.999,1607.4,29.47,10.07,0
B103374,0.198,0.657,1506.7,19.1,12.91,0
B103375,0.277,0.592,1619.7,24.08,13.01,0
B103376,0.366,0.281,1663.7,13.19,22.36,0
B103377,0.284,1.267,1663.2,18.13,16.22,0
B103378,0.461,0.78,1636.8,26.94,19.36,0
B103379,0.313,0.947,1537.9,15.69,12.04,0
B103380,0.66,0.899,1617.2,19.23,17.01,1
B103381,0.543,0.58,1636.7,10.55,22.82,0
B103382,0.426,0.522,1501.3,32.03,12.83,1
B103383,0.523,0.598,1538.3,27.58,15.69,0
B103384,0.533,0.683,1648.8,21.13,6.82,0
B103385,0.332,1.01,1648.2,23.05,10.41,0
B103386,0.302,0.661,1514.8,22.38,12.99,1
B103387,0.409,1.424,1643.7,28.31,8.63,0
B103388,0.503,1.208,1605.2,16.89,22.93,0
B103389,0.417,1.143,1643.0,24.39,9.97,0
B103390,0.211,0.864,1565.1,26.46,19.72,0
B103391,0.304,1.354,1635.5,27.29,16.12,0
B103392,0.391,0.835,1646.4,6.44,15.19,0
B103393,0.391,0.891,1580.7,16.4,23.92,0
B103394,0.637,0.951,1601.0,13.88,2.0,0
B103395,0.234,1.111,1564.3,20.9,13.82,0
B103396,0.461,1.091,1690.8,7.9,8.52,0
B103397,0.579,0.757,1593.4,7.73,3.23,0
B103398,0.673,0.74,1549.3,33.02,7.83,1
B103399,0.351,1.092,1560.6,23.71,15.1,0
B103400,0.459,1.115,1607.0,20.73,10.65,0
B103401,0.468,0.782,1641.4,22.18,20.38,0
B103402,0.423,0.424,1526.5,20.88,13.72,0
B103403,0.388,0.838,1701.6,25.98,13.05,1
B103404,0.452,1.087,1617.0,16.21,13.08,0
B103405,0.096,1.442,1625.7,21.12,14.41,0
B103406,0.482,0.541,1594.7,21.36,12.49,1
B103407,0.415,0.772,1601.1,13.72,9.89,0
B103408,0.373,0.783,1591.8,27.66,20.94,0
B103409,0.646,1.307,1656.0,17.33,11.26,0
B103410,0.319,0.89,1599.6,26.1,12.7,1
B103411,0.352,0.628,1642.2,20.69,17.58,0
B103412,0.639,1.068,1576.1,29.8,16.91,0
B103413,0.3,0.779,1610.8,13.75,9.64,0
B103414,0.334,0.533,1555.8,13.49,19.53,1
B103415,0.382,0.632,1666.9,14.57,18.23,0
B103416,0.501,1.42,1554.1,20.8,16.07,1
B103417,0.425,1.015,1582.1,29.25,12.41,0
B103418,0.245,0.932,1582.7,29.56,12.56,1
B103419,0.336,0.825,1580.5,6.14,13.79,0
B103420,0.327,0.988,1639.7,21.5,7.61,0
B103421,0.391,0.984,1582.6,5.0,14.76,0
B103422,0.451,0.988,1676.7,24.77,20.35,0
B103423,0.45,0.934,1555.0,26.71,20.26,0
B103424,0.187,1.161,1609.3,19.76,12.71,0
B103425,0.528,0.907,1557.3,20.5,21.38,0
B103426,0.43,0.607,1623.2,20.44,26.44,0
B103427,0.566,0.716,1599.1,15.29,13.1,0
B103428,0.453,0.306,1591.5,22.59,19.15,0
B103429,0.532,1.508,1665.4,18.61,2.0,0
B103430,0.456,1.159,1564.0,25.58,7.45,0
B103431,0.562,0.651,1632.3,19.32,15.55,0
B103432,0.463,0.815,1557.7,14.83,8.96,1
B103433,0.388,0.709,1606.2,10.78,27.24,1
B103434,0.673,1.363,1534.2,8.82,18.59,1
B103435,0.507,0.474,1563.6,27.88,20.79,1
B103436,0.469,0.934,1595.5,17.25,14.83,0
B103437,0.247,0.867,1699.8,22.03,8.98,0
B103438,0.245,1.148,1605.5,30.7,11.89,0
B103439,0.435,0.869,1691.0,16.62,16.53,0
B103440,0.417,0.373,1612.1,16.24,11.17,0
B103441,0.326,0.825,1578.7,19.21,19.03,0
B103442,0.417,0.608,1684.7,20.18,19.27,1
B103443,0.591,0.924,1624.0,31.33,15.03,0
B103444,0.483,1.33,1564.7,29.39,4.05,0
B103445,0.263,0.378,1625.9,23.73,25.29,0
B103446,0.387,0.66,1583.9,28.7,13.72,1
B103447,0.303,0.734,1490.6,18.93,31.26,1
B103448,0.353,0.786,1651.5,21.79,18.92,0
B103449,0.35,1.122,1660.2,18.19,13.74,0
B103450,0.343,0.848,1701.1,12.26,17.69,0
B103451,0.249,1.025,1623.2,27.22,2.88,0
B103452,0.385,0.712,1586.3,23.19,21.16,0
B103453,0.333,0.969,1645.9,20.11,30.4,0
B103454,0.05,1.133,1646.7,19.99,2.46,1
B103455,0.646,0.68,1690.1,10.96,13.28,0
B103456,0.531,1.134,1597.5,14.14,14.37,0
B103457,0.355,0.916,1590.9,22.02,20.25,0
B103458,0.402,1.214,1560.6,16.83,27.64,0
B103459,0.259,0.84,1629.6,18.69,17.3,0
B103460,0.603,1.014,1514.8,19.37,27.85,0
B103461,0.628,0.888,1642.7,15.91,16.02,1
B103462,0.419,0.871,1632.3,14.19,17.71,0
B103463,0.523,0.978,1632.2,10.33,16.97,0
B103464,0.421,1.061,1607.6,19.12,22.32,0
B103465,0.24,0.525,1684.3,23.71,12.47,0
B103466,0.351,1.33,1648.0,10.14,19.91,0
B103467,0.416,0.342,1566.6,19.86,7.62,0
B103468,0.345,0.695,1567.6,21.69,13.29,0
B103469,0.374,0.872,1551.6,14.06,11.18,0
B103470,0.389,1.024,1630.3,28.53,15.53,0
B103471,0.39,1.373,1545.0,17.69,13.1,1
B103472,0.406,0.343,1659.6,19.39,21.79,1
B103473,0.273,0.748,1672.8,19.03,9.73,0
B103474,0.314,0.262,1551.7,9.38,4.61,0
B103475,0.246,0.909,1589.8,26.05,6.86,0
B103476,0.517,0.982,1600.9,14.27,20.97,0
B103477,0.147,1.377,1648.6,18.58,9.18,1
B103478,0.538,0.936,1688.5,23.59,17.39,0
B103479,0.566,1.213,1507.3,28.77,13.23,1
B103480,0.364,1.075,1582.5,13.52,19.95,0
B103481,0.088,0.769,1585.4,17.32,13.62,1
B103482,0.357,0.477,1523.0,28.29,31.59,1
B103483,0.392,0.983,1573.3,22.78,26.39,0
B103484,0.279,0.452,1623.5,24.03,13.11,0
B103485,0.338,1.289,1584.7,13.69,12.29,0
B103486,0.584,0.851,1515.0,17.72,33.79,1
B103487,0.48,1.259,1750.0,18.99,8.53,1
B103488,0.289,0.756,1614.6,14.85,14.67,0
B103489,0.208,0.981,1606.1,9.95,15.13,1
B103490,0.361,0.963,1539.6,16.94,14.99,0
B103491,0.374,0.886,1614.3,28.13,4.57,0
B103492,0.46,0.77,1591.0,20.36,17.98,0
B103493,0.336,1.018,1496.1,28.25,9.18,1
B103494,0.461,0.622,1541.1,21.07,23.62,0
B103495,0.632,0.537,1643.7,15.41,6.26,1
B103496,0.498,1.273,1706.9,27.67,15.36,0
B103497,0.394,1.118,1620.2,21.27,2.0,0
B103498,0.378,0.92,1660.7,25.77,2.07,0
B103499,0.357,1.4,1591.4,13.59,9.96,0
B103500,0.542,0.82,1595.2,26.23,10.81,1
B103501,0.325,1.297,1660.0,26.41,23.79,0
B103502,0.405,0.953,1691.5,21.74,14.76,0
B103503,0.406,0.593,1671.6,15.16,22.75,0
B103504,0.34,1.454,1541.4,19.72,12.72,0
B103505,0.235,1.197,1596.3,23.67,18.64,1
B103506,0.439,0.864,1615.3,21.41,10.65,0
B103507,0.393,1.118,1585.7,23.61,10.24,0
B103508,0.46,0.779,1621.3,26.07,4.07,0
B103509,0.336,1.149,1645.1,16.11,17.01,1
B103510,0.546,0.183,1655.2,13.07,16.57,1
B103511,0.295,0.594,1692.7,19.77,19.66,0
B103512,0.605,1.194,1581.9,18.02,16.29,1
B103513,0.19,0.825,1525.0,24.72,27.16,0
B103514,0.452,0.962,1619.7,13.55,16.06,0
B103515,0.457,0.496,1703.6,26.12,20.95,1
B103516,0.305,1.454,1573.8,28.12,13.06,0
B103517,0.451,1.257,1637.8,20.0,9.55,1
B103518,0.554,0.84,1638.3,20.36,19.31,0
B103519,0.134,0.779,1610.5,15.39,14.47,0
B103520,0.46,1.209,1600.4,16.74,19.99,0
B103521,0.101,1.495,1549.2,17.55,17.12,0
B103522,0.284,1.186,1474.5,28.66,10.24,1
B103523,0.595,1.552,1538.8,19.57,21.45,0
B103524,0.33,0.623,1578.5,12.07,9.77,0
B103525,0.259,0.654,1660.4,21.53,18.75,1
B103526,0.376,0.543,1594.3,24.96,22.69,0
B103527,0.648,1.033,1571.5,19.85,12.69,0
B103528,0.18,0.953,1551.0,28.82,21.94,1
B103529,0.274,0.854,1636.1,24.67,17.39,0
B103530,0.58,1.143,1674.7,13.71,20.11,1
B103531,0.623,1.27,1658.5,16.69,9.98,0
B103532,0.388,0.442,1633.3,21.36,16.29,0
B103533,0.251,0.721,1518.8,10.0,6.55,1
B103534,0.652,1.146,1580.7,22.02,25.27,1
B103535,0.591,0.76,1707.1,9.43,2.92,0
B103536,0.481,0.661,1661.7,26.14,12.87,0
B103537,0.303,1.206,1515.4,25.44,9.41,1
B103538,0.394,0.513,1596.9,23.03,19.05,0
B103539,0.381,0.81,1620.0,15.94,26.54,0
B103540,0.44,0.999,1558.1,21.02,18.93,0
B103541,0.574,0.728,1473.0,16.92,32.77,1
B103542,0.506,1.135,1605.4,13.82,6.73,0
B103543,0.271,0.729,1556.7,17.97,7.19,0
B103544,0.565,1.323,1556.9,24.19,9.64,1
B103545,0.438,0.862,1580.5,20.26,15.73,0
B103546,0.482,1.101,1592.6,28.7,8.84,0
B103547,0.576,1.124,1599.5,24.59,10.49,0
B103548,0.267,0.712,1551.4,23.95,18.72,0
B103549,0.396,0.284,1587.9,10.35,7.56,0
B103550,0.336,1.008,1503.3,18.29,8.2,1
B103551,0.212,0.922,1617.1,13.61,12.61,0
B103552,0.442,1.067,1450.0,18.9,13.17,1
B103553,0.701,0.832,1584.1,15.84,21.06,1
B103554,0.179,0.771,1650.6,17.73,9.6,0
B103555,0.396,1.503,1541.7,26.37,10.68,0
B103556,0.477,0.458,1639.4,22.85,18.49,0
B103557,0.415,1.12,1663.6,26.04,19.81,0
B103558,0.386,0.728,1450.0,10.4,23.57,1
B103559,0.244,0.799,1591.7,20.35,17.81,0
B103560,0.428,0.805,1450.0,25.8,15.78,1
B103561,0.309,0.659,1593.5,29.04,18.45,1
B103562,0.137,1.071,1599.6,10.71,13.4,1
B103563,0.543,1.317,1463.5,17.89,13.35,0
B103564,0.515,1.041,1705.9,26.21,4.36,1
B103565,0.406,0.931,1615.7,18.85,20.36,0
B103566,0.427,0.604,1553.3,14.54,16.27,0
B103567,0.529,1.055,1680.6,10.7,19.66,0
B103568,0.427,1.547,1501.2,14.31,2.0,0
B103569,0.508,0.786,1532.4,9.87,14.72,0
B103570,0.364,0.787,1473.5,20.35,9.86,1
B103571,0.557,0.732,1699.1,25.38,24.01,0
B103572,0.438,0.753,1618.3,12.43,18.69,0
B103573,0.423,0.1,1636.3,21.55,16.41,0
B103574,0.248,1.022,1616.6,25.07,12.41,1
B103575,0.434,0.646,1631.6,19.98,17.38,0
B103576,0.3,0.417,1604.3,10.34,9.43,1
B103577,0.323,1.126,1614.9,22.32,14.4,0
B103578,0.302,0.575,1605.9,19.67,11.53,0
B103579,0.272,0.798,1566.5,19.06,28.6,0
B103580,0.655,1.34,1597.4,16.72,23.82,0
B103581,0.56,0.477,1615.0,20.52,21.38,0
B103582,0.63,0.44,1606.1,23.06,6.06,0
B103583,0.253,0.981,1518.7,34.34,20.18,0
B103584,0.409,1.245,1526.0,20.67,16.13,0
B103585,0.245,0.428,1659.6,29.07,22.34,0
B103586,0.317,1.022,1583.1,22.15,16.93,0
B103587,0.29,1.074,1632.2,19.4,14.96,0
B103588,0.549,0.282,1539.9,20.89,16.4,0
B103589,0.352,1.14,1519.0,12.67,4.17,0
B103590,0.528,1.163,1553.6,21.84,10.4,0
B103591,0.472,0.806,1587.8,8.05,17.24,0
B103592,0.676,1.276,1563.4,14.82,21.84,1
B103593,0.222,1.241,1671.2,20.66,11.7,0
B103594,0.551,0.931,1609.9,27.16,14.76,0
B103595,0.538,0.765,1701.7,28.58,5.39,1
B103596,0.283,0.608,1622.2,18.58,23.76,0
B103597,0.521,0.889,1467.3,20.93,21.68,1
B103598,0.44,1.071,1658.1,25.91,18.91,0
B103599,0.373,0.803,1517.0,12.02,17.44,0
B103600,0.301,0.241,1612.7,22.43,24.32,0
B103601,0.314,1.281,1557.4,15.03,10.17,0
B103602,0.646,0.957,1717.8,18.97,9.52,1
B103603,0.4,0.786,1679.2,17.25,21.37,0
B103604,0.494,1.157,1559.2,22.61,20.97,0
B103605,0.305,1.357,1593.0,23.3,7.84,0
B103606,0.306,0.1,1613.5,25.35,11.81,1
B103607,0.53,1.03,1647.5,22.09,25.13,0
B103608,0.238,0.472,1601.6,21.03,17.47,0
B103609,0.35,1.05,1543.6,31.12,19.72,0
B103610,0.404,0.938,1560.5,10.85,8.05,0
B103611,0.413,1.091,1599.8,30.17,18.94,0
B103612,0.379,0.75,1667.9,18.26,6.48,0
B103613,0.447,0.338,1623.5,23.43,3.12,0
B103614,0.483,0.765,1557.5,18.05,19.36,1
B103615,0.488,1.022,1635.7,15.78,23.61,0
B103616,0.282,1.205,1578.7,22.91,13.48,0
B103617,0.366,0.548,1649.0,26.25,11.72,0
B103618,0.543,1.208,1739.0,22.84,25.27,1
B103619,0.507,0.706,1580.3,16.75,13.83,0
B103620,0.235,1.009,1644.1,40.0,14.61,0
B103621,0.442,0.747,1559.0,27.19,25.16,0
B103622,0.163,0.955,1593.8,25.6,12.88,0
B103623,0.406,1.168,1601.6,17.88,11.08,0
B103624,0.628,0.532,1589.3,16.25,19.89,1
B103625,0.286,0.696,1735.5,18.32,10.73,1
B103626,0.3,0.955,1583.1,26.49,14.13,0
B103627,0.492,1.62,1632.3,14.06,7.09,0
B103628,0.215,0.641,1493.8,13.59,16.11,0
B103629,0.324,1.512,1623.8,23.24,15.41,0
B103630,0.472,1.501,1662.8,21.92,20.81,0
B103631,0.324,0.871,1571.0,15.38,20.14,0
B103632,0.372,0.811,1461.9,13.45,18.31,1
B103633,0.489,0.692,1597.9,28.63,17.37,0
B103634,0.451,0.88,1600.9,22.14,14.56,0
B103635,0.432,0.478,1639.8,11.82,18.66,0
B103636,0.359,0.877,1710.6,12.24,8.33,1
B103637,0.444,1.349,1579.1,17.83,2.0,0
B103638,0.385,0.717,1552.9,24.4,21.97,1
B103639,0.455,0.828,1535.8,23.57,19.04,0
B103640,0.34,0.39,1610.9,26.79,14.24,0
B103641,0.378,1.012,1626.4,11.06,21.45,1
B103642,0.281,0.979,1570.0,21.34,10.61,0
B103643,0.396,0.919,1642.8,28.56,10.77,0
B103644,0.303,0.835,1625.6,28.0,9.94,0
B103645,0.266,0.812,1602.4,22.15,18.41,0
B103646,0.431,1.051,1550.4,34.09,5.5,0
B103647,0.426,0.891,1573.5,23.66,10.4,0
B103648,0.494,0.994,1466.4,26.26,16.74,0
B103649,0.348,0.964,1613.0,20.27,7.78,0
B103650,0.449,1.237,1601.4,15.31,11.04,0
B103651,0.466,1.103,1610.4,14.75,2.0,0
B103652,0.453,0.958,1627.7,21.09,18.63,0
B103653,0.301,1.356,1621.2,18.73,10.87,0
B103654,0.418,1.026,1593.9,9.39,8.4,1
B103655,0.444,1.291,1602.7,13.85,7.23,0
B103656,0.401,1.082,1522.8,18.09,12.49,0
B103657,0.15,0.347,1567.9,24.36,5.52,1
B103658,0.419,1.291,1602.8,19.9,26.65,0
B103659,0.666,0.941,1559.5,19.57,2.0,0
B103660,0.357,0.884,1647.3,14.08,12.3,0
B103661,0.313,0.984,1563.8,20.14,15.64,0
B103662,0.445,0.797,1611.9,27.91,10.35,0
B103663,0.437,0.968,1606.4,20.93,16.27,0
B103664,0.543,0.722,1641.0,10.96,10.2,0
B103665,0.249,1.282,1649.5,12.49,24.18,0
B103666,0.488,0.866,1638.2,23.53,8.29,1
B103667,0.471,0.785,1484.2,18.65,2.0,0
B103668,0.383,0.623,1665.7,19.55,7.21,0
B103669,0.441,0.981,1684.0,16.32,17.32,0
B103670,0.524,0.956,1573.5,23.02,14.29,0
B103671,0.505,1.017,1613.0,18.19,19.51,0
B103672,0.263,0.592,1551.0,18.88,18.01,1
B103673,0.498,0.42,1492.8,14.89,11.18,0
B103674,0.392,1.088,1559.4,25.53,12.07,0
B103675,0.409,1.345,1570.3,18.67,12.69,0
B103676,0.409,0.592,1580.5,23.65,26.31,0
B103677,0.382,1.377,1547.3,12.84,19.14,0
B103678,0.543,0.985,1559.7,30.4,26.35,0
B103679,0.39,0.898,1599.4,27.66,20.04,0
B103680,0.266,0.781,1557.6,8.54,14.62,0
B103681,0.353,0.485,1629.9,15.19,8.88,0
B103682,0.421,1.196,1637.5,22.87,16.21,0
B103683,0.548,0.667,1730.9,12.08,14.63,1
B103684,0.472,0.666,1661.9,19.21,14.44,0
B103685,0.298,1.198,1613.4,22.56,13.75,1
B103686,0.698,0.335,1565.9,18.89,2.69,1
B103687,0.432,0.443,1616.2,23.23,22.57,0
B103688,0.553,0.895,1618.0,15.84,14.7,0
B103689,0.382,0.988,1571.8,6.53,6.51,0
B103690,0.464,1.045,1643.1,25.89,17.89,0
B103691,0.501,0.809,1523.1,25.85,9.86,0
B103692,0.546,1.659,1586.6,35.02,18.37,0
B103693,0.527,0.832,1630.6,6.76,20.29,0
B103694,0.505,0.831,1584.2,24.5,21.12,0
B103695,0.362,0.661,1588.6,8.19,14.03,0
B103696,0.331,0.937,1592.4,30.54,12.52,0
B103697,0.44,1.084,1554.0,22.93,11.25,0
B103698,0.512,1.261,1664.6,14.29,10.66,0
B103699,0.373,0.453,1544.0,24.68,14.9,1
B103700,0.528,0.826,1617.5,16.68,13.74,0
B103701,0.574,1.034,1622.8,21.8,10.05,0
B103702,0.29,1.076,1547.8,21.24,8.14,0
B103703,0.3,0.902,1604.0,30.47,14.35,0
B103704,0.383,1.063,1550.0,30.89,12.39,0
B103705,0.437,0.657,1676.5,16.42,8.15,0
B103706,0.337,1.367,1537.4,26.35,19.98,0
B103707,0.562,1.198,1564.0,22.13,25.63,0
B103708,0.451,0.497,1532.7,11.52,20.78,1
B103709,0.405,0.577,1525.3,15.82,10.68,0
B103710,0.228,0.586,1687.5,34.02,14.7,0
B103711,0.242,1.103,1629.9,22.15,24.24,1
B103712,0.434,0.515,1607.7,26.0,7.96,0
B103713,0.144,0.801,1563.9,18.73,19.7,0
B103714,0.522,1.036,1649.9,16.76,6.31,0
B103715,0.381,0.88,1554.7,20.16,25.1,0
B103716,0.789,0.978,1643.7,18.4,12.42,1
B103717,0.677,0.58,1552.0,11.04,28.37,0
B103718,0.378,1.078,1564.6,13.98,25.37,0
B103719,0.387,0.716,1641.7,24.25,14.36,0
B103720,0.519,0.803,1647.5,17.72,10.68,0
B103721,0.604,0.971,1632.9,20.15,16.17,1
B103722,0.203,0.931,1542.3,21.41,13.92,0
B103723,0.186,0.907,1575.4,21.88,12.59,0
B103724,0.325,0.675,1608.6,26.88,5.05,0
B103725,0.47,0.81,1553.3,13.41,11.91,0
B103726,0.46,0.901,1675.4,23.42,8.34,0
B103727,0.528,0.487,1467.9,24.53,18.31,1
B103728,0.256,0.761,1557.2,25.92,20.95,0
B103729,0.122,1.016,1572.0,11.52,19.44,0
B103730,0.503,0.517,1450.0,21.53,17.05,1
B103731,0.301,1.247,1523.2,30.3,9.88,1
B103732,0.158,1.281,1634.4,19.41,16.23,0
B103733,0.417,0.526,1601.7,22.9,19.76,0
B103734,0.495,1.307,1686.5,24.68,11.48,0
B103735,0.385,0.857,1685.0,13.85,15.71,1
B103736,0.345,1.026,1623.8,31.0,14.13,0
B103737,0.381,0.751,1617.2,23.0,24.97,0
B103738,0.356,1.177,1603.6,23.12,20.11,0
B103739,0.238,1.022,1454.0,10.03,18.65,1
B103740,0.314,0.656,1523.3,24.77,4.7,1
B103741,0.463,0.55,1605.5,23.04,16.04,0
B103742,0.439,0.462,1633.9,29.75,14.07,0
B103743,0.42,0.956,1615.9,18.13,14.02,0
B103744,0.281,1.072,1550.9,14.07,5.62,0
B103745,0.378,1.095,1651.6,15.91,8.47,1
B103746,0.139,0.865,1681.5,16.97,14.59,0
B103747,0.421,0.553,1651.6,13.29,21.69,1
B103748,0.571,0.695,1654.4,27.74,11.46,1
B103749,0.223,1.246,1569.2,27.97,12.6,0
B103750,0.33,0.755,1659.2,18.83,25.69,0
B103751,0.439,0.943,1608.0,17.64,13.22,0
B103752,0.55,0.577,1628.1,9.11,14.23,0
B103753,0.346,1.001,1620.1,24.18,14.31,0
B103754,0.317,0.763,1593.3,29.92,6.93,1
B103755,0.164,1.214,1552.7,16.18,18.43,0
B103756,0.412,1.132,1595.5,19.3,11.08,0
B103757,0.645,0.751,1654.3,22.61,14.82,0
B103758,0.433,0.862,1575.7,30.35,17.67,1
B103759,0.397,0.735,1649.1,21.2,26.66,0
B103760,0.439,0.474,1640.5,21.17,7.09,0
B103761,0.399,0.643,1583.6,21.08,20.19,1
B103762,0.302,0.959,1676.4,11.45,20.21,0
B103763,0.499,0.998,1580.4,11.32,11.17,0
B103764,0.427,0.945,1683.0,15.15,18.6,0
B103765,0.402,0.809,1623.9,26.08,24.86,0
B103766,0.283,1.18,1599.1,17.99,10.41,0
B103767,0.556,0.919,1551.2,16.82,16.45,0
B103768,0.48,1.111,1595.1,16.72,17.43,0
B103769,0.334,0.368,1588.8,19.17,18.21,0
B103770,0.52,0.1,1530.8,30.21,19.62,1
B103771,0.34,0.985,1588.0,19.09,16.0,0
B103772,0.306,0.473,1555.8,15.28,18.08,0
B103773,0.309,0.836,1632.2,20.15,9.53,0
B103774,0.187,0.809,1671.8,30.53,15.98,0
B103775,0.457,1.376,1532.5,16.98,12.14,0
B103776,0.18,1.02,1694.2,12.91,7.62,0
B103777,0.253,0.95,1592.9,16.99,11.95,0
B103778,0.151,1.151,1546.4,20.77,16.62,1
B103779,0.39,1.011,1641.7,24.13,17.61,0
B103780,0.382,0.763,1575.4,26.04,7.39,0
B103781,0.361,1.221,1595.5,13.73,9.37,1
B103782,0.275,0.567,1577.8,14.29,19.35,0
B103783,0.259,0.997,1555.1,18.06,18.05,0
B103784,0.456,0.436,1639.8,24.11,20.32,0
B103785,0.334,0.961,1584.3,12.44,23.21,0
B103786,0.438,0.958,1521.0,16.36,18.23,0
B103787,0.294,1.403,1630.3,16.44,12.51,0
B103788,0.422,0.431,1533.7,25.65,15.69,1
B103789,0.556,0.72,1536.6,23.17,24.96,0
B103790,0.47,1.147,1665.6,25.42,31.59,1
B103791,0.351,1.001,1534.2,28.03,17.78,1
B103792,0.431,0.954,1472.6,18.17,18.21,0
B103793,0.371,0.613,1634.3,12.88,19.35,0
B103794,0.401,0.723,1583.3,12.91,15.14,0
B103795,0.361,1.274,1588.0,8.97,21.98,0
B103796,0.38,0.885,1582.7,17.25,21.05,0
B103797,0.425,1.013,1612.7,17.69,17.13,0
B103798,0.281,0.865,1558.6,24.73,13.09,0
B103799,0.278,0.545,1681.2,20.1,5.88,0
B103800,0.233,1.18,1518.8,17.06,19.39,1
B103801,0.208,1.051,1624.5,19.3,16.28,1
B103802,0.254,1.592,1635.3,13.77,10.57,0
B103803,0.419,0.595,1558.2,26.15,8.22,0
B103804,0.293,1.147,1543.7,15.28,18.97,0
B103805,0.462,0.507,1655.9,13.16,5.39,0
B103806,0.404,0.947,1545.5,24.91,16.8,0
B103807,0.164,1.193,1566.6,23.44,20.06,1
B103808,0.479,0.278,1648.8,9.66,18.3,0
B103809,0.497,0.839,1601.9,25.13,12.66,0
B103810,0.281,0.731,1501.2,15.55,7.5,1
B103811,0.45,0.689,1696.1,17.76,18.52,1
B103812,0.297,1.016,1570.8,21.12,22.2,0
B103813,0.412,1.236,1577.8,23.52,11.56,0
B103814,0.248,0.86,1614.1,22.67,18.04,0
B103815,0.185,0.962,1634.4,19.7,24.49,0
B103816,0.354,0.934,1707.9,17.45,17.03,0
B103817,0.385,0.901,1508.7,22.47,12.62,1
B103818,0.352,0.573,1645.4,19.29,21.25,0
B103819,0.258,1.233,1640.9,30.83,10.57,1
B103820,0.352,0.989,1592.5,23.52,7.21,0
B103821,0.432,1.018,1643.3,14.46,19.87,0
B103822,0.395,0.658,1651.4,17.13,12.56,1
B103823,0.422,0.762,1524.0,20.29,13.1,0
B103824,0.32,0.847,1696.2,27.8,11.24,0
B103825,0.541,0.44,1514.3,28.47,12.16,0
B103826,0.259,0.394,1537.6,17.62,23.42,0
B103827,0.459,0.72,1585.6,14.4,24.97,0
B103828,0.542,1.057,1705.9,13.63,25.77,1
B103829,0.458,0.704,1583.0,21.51,21.54,0
B103830,0.376,0.594,1598.2,33.82,17.8,0
B103831,0.337,0.656,1678.8,23.23,6.41,0
B103832,0.524,0.763,1583.5,10.44,13.87,0
B103833,0.229,0.794,1535.2,15.64,27.94,1
B103834,0.284,1.55,1577.1,16.26,12.39,0
B103835,0.352,1.216,1675.4,15.07,24.08,0
B103836,0.549,1.207,1603.9,17.67,15.33,0
B103837,0.446,1.251,1706.2,22.22,2.0,1
B103838,0.284,0.6,1640.6,24.09,18.84,0
B103839,0.363,0.533,1564.5,26.55,22.6,1
B103840,0.326,0.568,1602.8,23.15,14.71,1
B103841,0.315,1.3,1553.1,8.28,22.4,0
B103842,0.517,0.736,1563.2,13.66,4.99,1
B103843,0.235,0.525,1750.0,19.05,6.69,1
B103844,0.593,0.771,1656.0,20.88,16.23,0
B103845,0.499,0.828,1647.4,25.17,17.86,0
B103846,0.531,0.981,1565.7,20.26,23.14,1
B103847,0.344,0.975,1686.3,20.3,18.83,0
B103848,0.382,0.652,1660.5,21.43,7.84,0
B103849,0.228,1.106,1703.5,18.47,16.28,1
B103850,0.337,0.708,1700.8,20.52,18.6,1
B103851,0.459,0.853,1518.7,26.75,3.75,1
B103852,0.556,1.106,1539.0,19.5,14.74,0
B103853,0.267,0.707,1544.8,19.82,12.99,1
B103854,0.356,0.729,1548.1,19.8,11.07,0
B103855,0.382,1.078,1617.8,27.79,17.99,0
B103856,0.233,0.643,1568.8,13.35,8.1,1
B103857,0.471,0.785,1714.0,30.66,17.5,0
B103858,0.313,1.067,1704.8,12.94,18.36,0
B103859,0.377,1.516,1599.6,16.07,21.5,0
B103860,0.346,1.082,1707.5,24.47,8.26,0
B103861,0.305,1.042,1681.8,26.18,5.97,0
B103862,0.399,1.059,1575.2,11.58,16.67,0
B103863,0.374,0.578,1489.5,13.44,13.28,0
B103864,0.355,0.935,1588.0,21.67,32.42,0
B103865,0.313,0.891,1564.5,34.07,17.75,0
B103866,0.438,0.996,1611.4,27.48,15.35,0
B103867,0.598,0.935,1604.9,18.51,13.96,0
B103868,0.417,1.014,1603.5,5.49,7.69,0
B103869,0.52,0.807,1628.8,20.49,18.38,0
B103870,0.233,0.918,1533.3,22.17,14.53,0
B103871,0.419,0.532,1622.6,17.7,14.53,0
B103872,0.268,0.804,1575.8,14.9,15.57,0
B103873,0.223,1.317,1611.0,20.95,16.33,0
B103874,0.311,0.996,1652.7,14.35,4.56,0
B103875,0.543,0.894,1532.7,31.23,20.02,0
B103876,0.514,1.469,1584.5,29.1,9.92,1
B103877,0.429,0.492,1593.5,23.95,14.17,0
B103878,0.216,0.567,1571.7,20.54,22.72,0
B103879,0.376,1.414,1649.5,16.04,25.68,0
B103880,0.436,0.914,1560.4,19.88,4.8,0
B103881,0.421,0.827,1569.5,29.84,15.18,1
B103882,0.179,0.54,1561.0,25.21,16.64,0
B103883,0.293,1.034,1660.1,21.22,5.95,0
B103884,0.392,1.063,1572.9,25.54,19.82,0
B103885,0.464,0.572,1625.3,23.27,15.7,0
B103886,0.136,0.858,1708.7,22.38,16.16,1
B103887,0.381,0.799,1595.9,25.88,9.49,0
B103888,0.417,0.977,1661.2,23.1,17.48,0
B103889,0.502,0.564,1691.9,25.15,20.03,1
B103890,0.483,1.276,1656.5,20.97,15.76,0
B103891,0.47,1.175,1599.1,18.48,11.92,0
B103892,0.304,0.791,1635.3,16.71,12.38,0
B103893,0.171,0.835,1529.2,16.0,16.32,0
B103894,0.353,0.859,1557.1,10.37,15.29,0
B103895,0.52,0.667,1566.7,14.53,20.43,0
B103896,0.567,0.767,1723.2,14.35,12.12,1
B103897,0.485,0.819,1555.3,16.96,7.69,0
B103898,0.452,1.384,1554.5,29.37,17.16,0
B103899,0.446,1.184,1542.6,19.05,12.13,0
B103900,0.333,1.18,1630.8,21.45,19.7,0
B103901,0.384,1.011,1607.8,21.64,15.05,0
B103902,0.6,0.565,1659.8,29.53,18.93,0
B103903,0.287,0.888,1636.9,16.55,8.91,0
B103904,0.594,1.191,1524.1,18.66,15.86,0
B103905,0.361,0.523,1555.6,19.36,10.8,0
B103906,0.559,1.091,1675.1,26.82,7.68,1
B103907,0.231,1.597,1588.8,28.06,9.83,0
B103908,0.47,1.219,1665.3,22.85,11.73,0
B103909,0.312,1.324,1591.8,27.4,22.47,0
B103910,0.23,0.966,1546.8,21.07,11.57,0
B103911,0.426,1.19,1583.3,18.96,7.37,0
B103912,0.521,0.685,1546.8,27.07,15.79,1
B103913,0.299,1.139,1568.9,22.93,15.18,0
B103914,0.22,1.096,1611.1,15.59,12.05,0
B103915,0.389,0.987,1628.1,25.98,14.03,1
B103916,0.39,1.295,1512.5,18.75,20.86,1
B103917,0.466,0.738,1599.0,18.02,19.02,0
B103918,0.514,0.844,1567.7,25.36,18.51,1
B103919,0.393,0.929,1564.3,19.47,7.9,0
B103920,0.623,0.591,1607.3,22.33,32.32,0
B103921,0.427,0.968,1569.7,23.97,21.31,0
B103922,0.358,0.384,1676.0,15.3,18.1,0
B103923,0.207,1.214,1665.3,22.31,8.01,0
B103924,0.368,0.914,1665.0,28.1,20.69,1
B103925,0.36,0.744,1572.8,14.26,11.99,0
B103926,0.515,0.65,1547.1,22.7,13.83,0
B103927,0.455,0.83,1604.5,15.02,4.92,0
B103928,0.258,1.106,1591.7,26.13,7.55,0
B103929,0.421,1.064,1566.5,26.07,17.63,0
B103930,0.481,0.688,1535.3,17.87,21.04,0
B103931,0.583,0.646,1597.7,33.26,19.11,0
B103932,0.507,1.097,1577.8,26.64,18.9,0
B103933,0.491,0.683,1637.9,24.24,14.61,0
B103934,0.407,0.918,1636.6,23.9,12.56,0
B103935,0.447,0.937,1660.5,25.9,16.73,0
B103936,0.55,0.994,1530.7,14.03,19.93,0
B103937,0.24,1.157,1622.1,21.17,15.03,0
B103938,0.358,0.521,1560.0,22.3,22.26,0
B103939,0.307,0.327,1532.9,17.6,13.71,1
B103940,0.445,0.73,1576.4,22.79,9.12,0
B103941,0.548,1.44,1658.8,27.39,14.94,0
B103942,0.328,1.507,1579.5,17.47,15.64,0
B103943,0.113,1.449,1686.1,19.67,14.51,1
B103944,0.351,0.842,1630.2,15.08,22.68,1
B103945,0.51,0.365,1578.3,9.28,19.83,0
B103946,0.465,0.197,1663.8,24.67,6.41,0
B103947,0.451,0.716,1624.5,19.85,24.21,1
B103948,0.366,0.841,1548.7,20.29,2.0,0
B103949,0.247,1.29,1702.2,14.08,27.91,1
B103950,0.462,1.16,1614.3,18.89,13.28,0
B103951,0.3,0.968,1601.0,26.58,13.86,0
B103952,0.662,0.633,1552.9,20.0,14.64,1
B103953,0.468,0.612,1664.9,20.18,17.31,0
B103954,0.33,0.976,1628.5,21.25,15.0,0
B103955,0.327,1.109,1634.6,12.58,14.2,1
B103956,0.389,1.018,1572.1,23.75,22.85,1
B103957,0.371,0.59,1645.9,12.47,18.39,1
B103958,0.534,1.095,1650.1,14.36,9.25,0
B103959,0.422,1.028,1563.2,13.7,19.44,0
B103960,0.312,0.579,1522.1,18.95,18.14,0
B103961,0.627,0.665,1632.0,17.89,11.73,0
B103962,0.406,1.107,1513.5,19.99,19.75,0
B103963,0.492,0.83,1608.4,14.57,14.05,0
B103964,0.327,1.377,1575.4,26.03,13.67,1
B103965,0.444,1.05,1667.0,25.0,13.51,0
B103966,0.437,0.754,1578.4,18.96,2.0,0
B103967,0.173,0.897,1660.9,17.13,11.84,0
B103968,0.642,0.919,1571.7,16.52,19.28,1
B103969,0.555,0.681,1655.0,18.14,14.87,0
B103970,0.352,0.626,1713.3,11.6,7.29,1
B103971,0.268,1.11,1541.3,14.24,20.79,0
B103972,0.442,1.154,1616.1,25.16,13.21,0
B103973,0.41,1.081,1750.0,21.81,7.67,1
B103974,0.443,1.355,1603.7,29.81,28.24,0
B103975,0.423,0.737,1603.4,18.2,8.68,0
B103976,0.461,1.402,1643.4,17.83,20.28,0
B103977,0.574,0.63,1602.3,17.55,10.38,1
B103978,0.468,0.596,1506.1,18.09,15.81,1
B103979,0.274,0.372,1662.3,16.04,9.59,0
B103980,0.564,0.766,1489.8,21.63,7.56,1
B103981,0.597,0.749,1577.1,20.17,18.13,0
B103982,0.778,1.058,1666.4,16.94,17.43,1
B103983,0.265,0.973,1580.4,27.51,21.87,0
B103984,0.429,0.542,1561.8,31.38,14.79,0
B103985,0.15,0.782,1648.4,27.0,28.32,0
B103986,0.466,0.789,1553.2,23.35,16.61,0
B103987,0.334,0.367,1532.8,24.57,18.4,0
B103988,0.631,0.606,1615.1,31.14,6.85,1
B103989,0.307,0.669,1589.9,24.56,11.32,0
B103990,0.197,1.33,1531.6,16.49,18.12,0
B103991,0.343,0.957,1635.0,22.35,14.49,0
B103992,0.163,1.099,1625.5,23.76,16.13,0
B103993,0.49,0.45,1580.2,14.03,10.1,0
B103994,0.152,1.258,1584.0,18.29,15.73,0
B103995,0.403,1.29,1625.9,26.6,15.71,1
B103996,0.151,0.3,1665.5,9.06,7.92,1
B103997,0.362,0.688,1584.4,12.5,18.86,0
B103998,0.597,1.049,1636.0,18.94,4.8,0
B103999,0.443,1.093,1631.1,22.12,16.11,0
B104000,0.296,0.696,1648.4,11.85,25.59,1
B104001,0.396,0.808,1602.2,19.24,19.08,0
B104002,0.402,0.721,1549.8,26.92,19.05,0
B104003,0.457,0.933,1574.6,20.41,9.62,0
B104004,0.236,1.259,1618.9,25.63,25.61,0
B104005,0.471,0.669,1700.0,16.45,23.26,0
B104006,0.075,1.2,1573.4,15.14,9.94,0
B104007,0.324,0.665,1644.3,25.09,12.15,0
B104008,0.341,0.646,1582.0,22.22,22.53,0
B104009,0.476,1.146,1606.1,12.89,25.78,0
B104010,0.403,1.177,1683.3,15.19,7.41,0
B104011,0.231,1.155,1642.0,29.39,8.98,0
B104012,0.282,0.505,1531.7,14.45,14.14,0
B104013,0.424,0.76,1568.5,25.61,2.0,0
B104014,0.391,1.147,1669.1,17.13,15.11,0
B104015,0.331,0.912,1607.8,19.98,22.11,0
B104016,0.342,0.578,1536.8,21.77,6.37,0
B104017,0.484,1.037,1555.0,7.39,15.76,0
B104018,0.338,0.686,1638.7,11.22,11.51,0
B104019,0.389,1.438,1654.7,20.52,24.84,1
B104020,0.66,1.363,1601.0,15.65,11.58,1
B104021,0.229,1.081,1736.1,25.98,24.11,1
B104022,0.178,1.308,1645.3,10.36,11.42,0
B104023,0.494,0.919,1586.6,23.39,19.63,0
B104024,0.319,1.13,1555.1,11.74,16.51,0
B104025,0.362,1.343,1546.4,17.89,14.17,0
B104026,0.306,0.974,1618.4,13.61,10.26,0
B104027,0.369,0.823,1573.1,31.41,16.94,0
B104028,0.592,0.389,1692.1,11.96,12.36,0
B104029,0.496,0.875,1680.6,19.27,10.86,0
B104030,0.503,1.147,1634.8,9.64,23.84,1
B104031,0.23,1.184,1535.2,29.6,18.29,0
B104032,0.262,1.051,1563.0,22.41,18.86,0
B104033,0.059,0.738,1669.1,20.82,12.65,1
B104034,0.303,0.307,1569.0,28.85,13.88,1
B104035,0.515,0.751,1661.7,20.88,13.51,0
B104036,0.462,0.809,1626.1,21.32,17.02,0
B104037,0.373,0.806,1602.8,20.79,18.85,0
B104038,0.397,1.086,1561.3,23.38,14.82,0
B104039,0.317,1.496,1594.8,17.05,10.24,0
B104040,0.425,0.937,1610.4,18.71,19.56,0
B104041,0.492,0.835,1656.8,24.86,15.2,1
B104042,0.206,0.822,1551.3,21.66,6.35,0
B104043,0.436,0.937,1585.5,19.31,2.19,0
B104044,0.512,0.652,1602.5,11.6,16.79,0
B104045,0.35,0.936,1636.4,28.99,10.02,0
B104046,0.484,1.035,1550.0,16.03,17.59,0
B104047,0.738,0.963,1527.6,25.92,10.35,1
B104048,0.387,1.037,1637.1,21.05,15.8,0
B104049,0.447,1.03,1516.5,12.24,12.73,1
B104050,0.311,0.368,1670.7,27.51,25.51,0
B104051,0.422,1.091,1591.4,21.53,20.7,0
B104052,0.455,0.699,1514.9,28.01,23.08,1
B104053,0.423,0.571,1573.6,18.91,15.14,0
B104054,0.278,0.569,1620.9,24.22,19.93,0
B104055,0.425,1.03,1570.7,9.42,15.55,0
B104056,0.575,0.833,1601.1,17.0,23.82,0
B104057,0.454,0.395,1640.7,12.36,14.56,0
B104058,0.515,1.043,1588.9,17.75,6.62,0
B104059,0.372,0.468,1548.5,22.83,3.01,0
B104060,0.49,0.942,1583.6,16.37,25.01,0
B104061,0.434,0.972,1677.8,25.18,17.87,0
B104062,0.286,1.166,1692.7,14.86,18.27,1
B104063,0.438,1.435,1488.9,25.31,23.94,1
B104064,0.281,0.491,1660.0,27.86,5.09,0
B104065,0.324,0.884,1613.8,26.08,12.85,0
B104066,0.423,0.817,1650.8,17.93,13.58,1
B104067,0.436,1.03,1569.7,7.25,19.45,0
B104068,0.257,0.965,1502.7,23.49,10.84,1
B104069,0.526,0.794,1632.1,19.25,7.79,0
B104070,0.469,0.768,1548.2,14.13,7.74,0
B104071,0.315,0.565,1523.6,16.66,21.9,0
B104072,0.215,1.196,1527.5,28.61,10.54,1
B104073,0.383,1.038,1633.1,13.18,11.69,0
B104074,0.346,1.175,1607.7,22.81,18.81,0
B104075,0.414,0.807,1643.0,21.31,10.81,0
B104076,0.356,0.703,1636.8,17.86,4.77,1
B104077,0.159,0.577,1576.8,23.87,5.51,1
B104078,0.353,1.008,1596.1,29.79,14.66,0
B104079,0.363,0.588,1571.9,18.22,17.98,1
B104080,0.476,1.455,1588.4,18.54,13.79,0
B104081,0.316,0.508,1546.8,23.73,17.58,0
B104082,0.601,0.982,1621.5,25.51,5.32,0
B104083,0.171,1.37,1659.1,19.23,5.73,0
B104084,0.557,1.08,1555.1,18.17,28.52,0
B104085,0.373,0.953,1670.5,6.69,22.4,1
B104086,0.503,0.609,1606.2,15.33,19.61,1
B104087,0.41,0.485,1613.3,13.16,11.04,0
B104088,0.537,1.131,1506.5,24.11,13.57,0
B104089,0.354,1.352,1500.6,18.54,14.99,1
B104090,0.268,0.768,1607.9,18.3,22.89,0
B104091,0.57,0.558,1643.4,19.95,17.42,0
B104092,0.386,0.163,1563.1,14.78,18.16,0
B104093,0.427,0.606,1691.9,29.32,13.99,0
B104094,0.548,0.866,1640.4,27.79,19.76,0
B104095,0.276,1.38,1550.0,29.71,16.81,0
B104096,0.471,1.102,1601.7,24.1,15.26,0
B104097,0.329,0.992,1736.2,19.82,10.54,1
B104098,0.384,0.78,1531.7,29.69,14.32,1
B104099,0.409,0.725,1629.1,15.91,8.52,0
B104100,0.22,1.322,1582.2,14.77,14.76,1
B104101,0.307,0.96,1638.9,16.39,15.53,0
B104102,0.562,0.269,1669.7,23.14,2.0,0
B104103,0.506,0.698,1578.8,15.43,13.62,1
B104104,0.392,0.643,1661.5,19.07,7.94,0
B104105,0.429,0.736,1722.2,10.39,17.99,0
B104106,0.365,1.069,1603.6,22.89,18.82,0
B104107,0.563,0.868,1643.2,10.9,12.44,0
B104108,0.376,0.877,1567.5,14.41,18.29,0
B104109,0.428,1.294,1601.1,27.3,18.55,0
B104110,0.538,0.691,1590.3,27.08,13.62,0
B104111,0.307,1.459,1643.8,22.25,24.21,0
B104112,0.587,0.699,1666.3,21.65,10.65,0
B104113,0.216,0.927,1594.0,16.81,23.83,0
B104114,0.596,0.816,1684.3,15.36,13.65,0
B104115,0.355,0.937,1684.2,17.83,9.94,0
B104116,0.371,1.033,1646.6,10.92,12.89,0
B104117,0.173,1.03,1571.6,21.51,8.4,0
B104118,0.345,0.674,1566.3,20.29,19.71,0
B104119,0.275,0.563,1555.3,14.4,5.38,1
B104120,0.327,1.651,1652.2,29.41,23.34,0
B104121,0.384,0.755,1533.4,23.64,9.38,0
B104122,0.515,1.11,1637.2,24.15,20.02,0
B104123,0.425,0.418,1540.5,17.08,15.15,0
B104124,0.437,0.816,1645.3,19.99,16.62,0
B104125,0.269,0.862,1600.9,23.76,11.46,0
B104126,0.294,1.042,1673.4,20.92,17.12,1
B104127,0.616,0.1,1662.8,29.61,15.81,1
B104128,0.312,0.95,1678.9,18.78,6.25,0
B104129,0.599,0.555,1680.3,16.97,9.22,1
B104130,0.371,0.997,1607.9,23.81,11.75,0
B104131,0.4,0.589,1536.3,12.41,10.47,0
B104132,0.528,0.643,1542.1,25.55,22.52,0
B104133,0.553,0.818,1485.2,12.2,15.04,1
B104134,0.387,0.584,1540.4,23.83,10.33,0
B104135,0.353,0.757,1603.8,16.11,12.06,1
B104136,0.393,0.542,1569.2,22.86,11.97,0
B104137,0.441,0.35,1590.1,25.44,13.27,0
B104138,0.507,1.205,1627.1,20.92,8.55,0
B104139,0.401,0.511,1583.3,12.8,10.12,0
B104140,0.474,0.846,1538.3,14.62,19.6,0
B104141,0.597,1.126,1597.1,15.63,16.11,0
B104142,0.446,0.716,1550.6,8.63,14.09,0
B104143,0.437,0.652,1585.1,26.76,15.02,0
B104144,0.218,0.968,1673.9,20.66,14.73,0
B104145,0.084,1.235,1585.1,13.19,13.75,0
B104146,0.447,0.549,1697.4,28.73,18.1,1
B104147,0.389,0.855,1678.7,15.79,17.66,0
B104148,0.338,0.38,1568.1,21.5,5.57,0
B104149,0.429,0.782,1538.9,15.05,14.21,1
B104150,0.393,0.91,1597.1,7.89,5.97,0
B104151,0.535,0.644,1663.4,11.81,18.81,0
B104152,0.41,0.763,1573.0,17.31,19.61,0
B104153,0.31,0.478,1649.9,25.39,11.34,0
B104154,0.519,0.923,1666.5,22.08,14.3,0
B104155,0.374,1.217,1557.4,20.84,2.33,0
B104156,0.463,0.571,1562.8,7.94,20.84,0
B104157,0.343,0.713,1639.2,27.62,19.26,1
B104158,0.322,1.051,1608.4,21.34,21.9,0
B104159,0.41,1.264,1562.3,19.28,23.92,0
B104160,0.402,0.452,1580.6,26.79,7.66,0
B104161,0.458,0.849,1596.1,27.48,20.33,0
B104162,0.368,0.985,1513.9,26.93,23.88,1
B104163,0.18,0.869,1642.1,18.52,6.03,1
B104164,0.348,0.157,1573.7,13.98,13.97,0
B104165,0.495,1.05,1450.0,25.93,12.82,1
B104166,0.364,1.356,1598.7,11.81,20.13,0
B104167,0.37,0.935,1559.2,31.68,2.0,0
B104168,0.518,0.591,1692.9,20.17,25.9,1
B104169,0.315,0.746,1567.8,13.63,14.32,0
B104170,0.215,1.431,1539.6,12.61,20.5,0
B104171,0.381,1.173,1627.9,12.33,14.64,0
B104172,0.342,1.092,1563.7,20.84,17.95,0
B104173,0.284,1.007,1557.1,19.96,2.0,0
B104174,0.379,0.702,1628.0,12.58,12.69,0
B104175,0.459,0.84,1542.8,17.86,20.09,0
B104176,0.399,0.877,1519.8,11.79,16.73,0
B104177,0.437,1.065,1694.9,23.54,5.18,0
B104178,0.618,1.353,1631.9,19.67,15.37,0
B104179,0.359,1.236,1585.5,17.73,10.09,0
B104180,0.433,0.474,1599.8,12.27,9.57,0
B104181,0.339,0.967,1627.8,18.2,5.88,0
B104182,0.298,1.121,1653.5,17.51,18.71,0
B104183,0.33,1.086,1558.4,21.91,21.68,0
B104184,0.343,0.711,1620.1,21.0,27.72,0
B104185,0.443,1.774,1572.1,24.75,6.16,1
B104186,0.682,0.517,1589.6,17.09,19.6,0
B104187,0.314,0.575,1608.8,8.84,20.0,0
B104188,0.35,0.97,1599.6,25.95,11.52,0
B104189,0.392,1.535,1640.5,14.38,9.49,0
B104190,0.447,0.649,1626.8,13.36,8.49,0
B104191,0.432,0.82,1517.1,19.74,11.84,0
B104192,0.554,1.223,1525.3,21.81,16.22,0
B104193,0.109,0.895,1579.7,16.81,23.16,0
B104194,0.114,0.8,1700.6,16.77,21.63,1
B104195,0.34,1.07,1553.2,17.65,5.31,0
B104196,0.532,0.982,1588.5,28.5,10.27,1
B104197,0.212,1.209,1570.5,19.98,22.8,0
B104198,0.05,1.287,1569.5,14.19,10.61,0
B104199,0.469,0.992,1609.8,14.25,14.66,0
B104200,0.429,0.988,1677.0,18.49,4.77,0
B104201,0.269,0.964,1625.1,21.43,21.92,0
B104202,0.282,1.047,1555.8,22.9,3.52,0
B104203,0.284,0.917,1750.0,20.74,5.14,1
B104204,0.413,0.9,1604.3,14.95,21.3,0
B104205,0.325,1.259,1568.3,17.46,26.52,0
B104206,0.459,1.355,1677.7,24.4,13.26,0
B104207,0.057,0.448,1574.2,13.12,14.72,1
B104208,0.297,0.903,1691.5,17.21,20.45,0
B104209,0.265,0.693,1552.1,23.58,16.74,1
B104210,0.369,0.807,1678.7,25.25,12.76,0
B104211,0.335,1.021,1611.1,18.84,12.09,0
B104212,0.496,1.101,1671.0,17.53,5.6,1
B104213,0.177,0.866,1704.6,12.07,16.4,0
B104214,0.405,0.326,1537.7,23.15,14.45,1
B104215,0.467,0.61,1670.2,27.91,12.37,0
B104216,0.623,1.169,1522.5,35.39,8.99,1
B104217,0.342,0.1,1542.4,22.32,9.6,1
B104218,0.439,1.256,1555.8,19.69,18.71,1
B104219,0.184,1.056,1627.7,14.48,20.29,0
B104220,0.113,1.295,1601.8,8.73,13.04,0
B104221,0.501,0.84,1590.8,21.06,12.41,0
B104222,0.399,0.282,1608.0,34.1,9.88,0
B104223,0.541,1.029,1632.5,27.62,20.62,0
B104224,0.235,1.282,1636.8,26.7,15.19,0
B104225,0.462,1.177,1660.2,21.47,17.21,0
B104226,0.624,0.701,1700.1,22.16,17.15,1
B104227,0.45,0.926,1598.8,5.46,13.15,0
B104228,0.433,0.74,1571.3,24.58,8.01,0
B104229,0.401,0.654,1633.7,16.52,9.02,0
B104230,0.211,1.187,1537.1,15.79,21.77,0
B104231,0.563,0.541,1562.7,18.06,10.65,0
B104232,0.327,0.632,1655.0,17.86,12.54,0
B104233,0.461,0.569,1593.2,15.69,8.19,0
B104234,0.212,0.453,1533.5,20.08,7.7,1
B104235,0.258,0.944,1518.1,16.65,10.39,0
B104236,0.572,1.248,1602.7,20.6,25.13,0
B104237,0.358,0.845,1662.8,11.08,18.95,0
B104238,0.574,0.448,1662.1,18.72,11.84,0
B104239,0.391,1.152,1606.1,13.42,21.5,0
B104240,0.179,1.406,1710.5,16.15,14.09,1
B104241,0.507,0.706,1594.2,20.86,23.13,1
B104242,0.329,0.756,1592.4,10.38,28.27,0
B104243,0.484,1.055,1458.8,15.07,21.17,1
B104244,0.403,1.387,1575.4,23.41,15.57,0
B104245,0.215,0.744,1646.9,11.52,19.2,0
B104246,0.42,0.5,1686.0,30.67,15.09,0
B104247,0.664,1.089,1554.3,27.23,3.98,1
B104248,0.459,1.14,1625.4,17.03,11.07,0
B104249,0.393,0.902,1657.6,15.28,9.29,0
B104250,0.529,0.733,1600.6,21.21,10.94,0
B104251,0.425,1.198,1474.4,11.32,25.76,1
B104252,0.425,1.058,1613.6,7.99,21.73,1
B104253,0.269,0.669,1641.9,17.24,17.65,1
B104254,0.428,0.915,1547.9,19.2,19.87,0
B104255,0.524,0.494,1586.0,20.57,3.65,1
B104256,0.3,1.106,1536.4,16.31,19.37,1
B104257,0.571,0.821,1458.6,27.64,20.64,1
B104258,0.389,0.769,1656.5,11.03,2.0,1
B104259,0.293,0.89,1599.8,13.17,19.59,0
B104260,0.52,0.912,1687.9,22.92,6.46,0
B104261,0.366,1.168,1647.2,13.03,3.18,0
B104262,0.491,1.077,1580.5,12.8,22.96,0
B104263,0.365,0.853,1595.4,20.74,8.96,0
B104264,0.393,1.129,1631.1,13.68,10.7,0
B104265,0.459,1.02,1653.2,19.2,20.94,1
B104266,0.435,0.772,1617.7,15.8,13.17,0
B104267,0.161,0.863,1660.8,14.83,13.92,0
B104268,0.265,0.856,1583.7,7.39,13.79,1
B104269,0.512,1.052,1545.2,20.84,17.09,0
B104270,0.384,0.79,1596.4,12.52,13.64,1
B104271,0.337,0.783,1611.3,18.99,15.68,0
B104272,0.237,1.491,1533.9,16.93,11.98,0
B104273,0.27,1.182,1526.5,18.76,17.11,1
B104274,0.157,0.672,1624.6,19.1,16.88,1
B104275,0.388,1.071,1577.7,21.16,26.39,0
B104276,0.328,0.936,1590.9,15.63,12.71,0
B104277,0.284,1.017,1580.2,27.46,13.9,0
B104278,0.392,0.941,1683.6,8.92,16.43,1
B104279,0.444,1.257,1669.4,18.64,20.79,0
B104280,0.651,1.004,1531.9,25.02,8.45,1
B104281,0.219,0.881,1570.7,22.86,15.62,0
B104282,0.539,1.213,1646.8,14.15,2.0,0
B104283,0.517,0.97,1633.1,15.15,13.37,1
B104284,0.307,0.936,1597.7,13.96,21.44,0
B104285,0.424,0.994,1537.4,23.6,10.64,1
B104286,0.345,0.872,1562.5,15.56,16.06,0
B104287,0.422,0.903,1571.6,21.53,11.83,0
B104288,0.581,0.724,1615.2,21.59,9.84,1
B104289,0.473,0.675,1693.7,34.21,20.83,1
B104290,0.461,0.6,1562.2,21.88,8.73,0
B104291,0.348,0.482,1543.6,15.13,16.76,1
B104292,0.222,0.636,1594.0,11.24,16.85,0
B104293,0.375,0.848,1656.7,18.34,9.89,0
B104294,0.545,0.931,1520.4,19.29,15.93,1
B104295,0.217,0.819,1679.9,6.74,9.39,1
B104296,0.273,0.193,1590.5,15.72,18.13,0
B104297,0.415,1.372,1559.6,21.78,7.11,0
B104298,0.282,1.226,1512.0,16.81,12.96,1
B104299,0.305,1.034,1638.9,25.81,13.48,0
B104300,0.349,1.472,1590.6,10.65,21.68,0
B104301,0.236,0.607,1609.4,24.06,15.84,0
B104302,0.283,1.466,1550.5,25.48,20.73,0
B104303,0.484,0.61,1582.4,25.74,18.33,1
B104304,0.243,0.972,1573.2,10.6,18.29,0
B104305,0.208,0.518,1594.5,21.89,13.01,0
B104306,0.324,0.904,1563.2,15.99,21.13,0
B104307,0.488,1.016,1515.6,11.56,12.86,0
B104308,0.376,0.854,1750.0,17.52,4.62,1
B104309,0.344,1.114,1525.0,14.57,13.71,0
B104310,0.405,0.93,1610.0,25.52,17.72,0
B104311,0.191,0.743,1502.5,23.08,5.36,1
B104312,0.459,0.73,1490.2,13.09,9.69,1
B104313,0.446,1.143,1605.4,15.65,7.62,0
B104314,0.351,0.704,1609.6,17.72,19.72,0
B104315,0.521,1.175,1669.4,19.57,25.04,0
B104316,0.265,1.267,1622.0,26.04,13.74,0
B104317,0.535,0.399,1591.8,24.14,18.19,0
B104318,0.419,1.24,1547.8,20.31,18.03,0
B104319,0.36,1.518,1682.4,18.44,24.32,0
B104320,0.398,0.976,1651.1,9.36,11.08,0
B104321,0.387,1.08,1531.5,27.75,13.68,0
B104322,0.546,1.211,1602.1,17.32,12.96,0
B104323,0.271,0.817,1607.9,29.33,15.45,0
B104324,0.308,0.955,1581.0,21.18,30.03,0
B104325,0.524,0.506,1642.5,32.15,15.18,1
B104326,0.329,0.942,1645.7,23.64,9.87,0
B104327,0.508,1.049,1589.5,11.41,8.07,0
B104328,0.604,1.055,1584.6,16.31,22.52,0
B104329,0.352,1.22,1682.4,18.99,9.84,0
B104330,0.482,0.668,1651.3,14.76,18.98,0
B104331,0.262,0.74,1604.0,17.74,10.92,0
B104332,0.491,1.469,1510.4,11.8,7.4,0
B104333,0.424,0.855,1618.9,20.03,18.63,0
B104334,0.457,0.96,1638.4,21.42,11.22,0
B104335,0.323,0.88,1450.0,13.98,17.55,1
B104336,0.201,0.653,1613.9,31.64,18.0,0
B104337,0.46,1.387,1577.1,20.38,18.28,0
B104338,0.152,0.742,1587.9,15.1,13.39,0
B104339,0.362,0.562,1550.1,10.22,19.12,0
B104340,0.513,0.765,1591.8,20.36,9.46,0
B104341,0.423,0.299,1676.6,18.44,2.0,0
B104342,0.634,0.705,1575.4,24.7,19.24,0
B104343,0.523,0.61,1653.1,19.14,15.99,0
B104344,0.322,1.085,1555.7,12.84,11.34,0
B104345,0.403,0.698,1641.7,30.02,6.17,0
B104346,0.394,1.166,1600.1,22.61,2.78,0
B104347,0.21,1.32,1619.4,18.48,15.31,0
B104348,0.287,1.134,1600.4,20.99,24.89,0
B104349,0.333,0.835,1635.3,22.84,14.17,0
B104350,0.156,0.942,1458.8,11.43,12.83,0
B104351,0.406,0.443,1521.9,20.95,14.85,0
B104352,0.37,0.86,1622.9,17.3,28.08,0
B104353,0.199,0.642,1487.6,23.04,19.51,0
B104354,0.449,1.108,1570.8,15.56,9.4,0
B104355,0.486,1.672,1597.0,16.37,15.17,1
B104356,0.427,1.05,1554.5,29.98,16.99,0
B104357,0.361,0.303,1562.0,27.39,8.66,0
B104358,0.471,0.792,1614.9,5.0,19.55,0
B104359,0.482,0.937,1655.5,26.94,10.09,0
B104360,0.437,0.926,1547.3,19.56,5.93,0
B104361,0.301,0.681,1568.4,15.75,15.46,0
B104362,0.433,0.974,1559.8,13.96,14.51,0
B104363,0.543,0.527,1466.8,14.31,14.99,1
B104364,0.328,0.617,1607.8,15.92,10.41,0
B104365,0.652,1.094,1651.4,13.24,11.25,1
B104366,0.337,0.595,1655.9,11.87,21.77,0
B104367,0.404,1.061,1552.1,13.76,17.65,0
B104368,0.319,0.489,1531.2,21.94,9.26,1
B104369,0.427,1.429,1601.2,20.3,3.3,0
B104370,0.191,0.668,1645.6,23.34,9.51,0
B104371,0.334,0.833,1608.5,19.6,15.94,0
B104372,0.269,0.999,1615.9,12.16,11.21,0
B104373,0.416,0.73,1662.8,22.97,10.74,0
B104374,0.519,0.943,1559.3,13.97,11.47,0
B104375,0.478,1.073,1587.9,23.88,14.56,0
B104376,0.115,1.188,1689.9,13.0,19.71,1
B104377,0.645,1.137,1589.2,15.88,15.0,1
B104378,0.435,0.848,1530.3,17.83,15.37,0
B104379,0.307,0.856,1563.2,24.05,13.65,0
B104380,0.419,1.605,1548.4,21.06,12.0,0
B104381,0.421,1.185,1619.6,20.12,20.37,0
B104382,0.32,0.623,1550.7,31.31,19.45,0
B104383,0.424,0.93,1614.9,8.98,27.27,0
B104384,0.327,0.799,1559.5,13.77,18.66,0
B104385,0.351,0.859,1483.2,13.51,12.01,1
B104386,0.318,0.531,1616.9,9.38,9.57,0
B104387,0.228,0.776,1608.2,15.68,20.72,0
B104388,0.418,1.443,1628.5,24.13,10.11,0
B104389,0.47,1.074,1563.0,16.45,19.86,0
B104390,0.462,0.153,1557.1,18.0,10.44,0
B104391,0.498,1.265,1622.1,9.66,17.09,0
B104392,0.439,1.227,1683.5,15.22,8.64,1
B104393,0.336,0.792,1600.6,17.23,19.68,0
B104394,0.501,1.115,1623.4,23.85,7.6,0
B104395,0.237,0.642,1582.3,9.95,16.64,0
B104396,0.292,0.759,1515.1,17.27,13.81,1
B104397,0.284,1.35,1653.2,26.52,15.61,0
B104398,0.53,0.818,1650.0,17.33,12.63,0
B104399,0.513,0.339,1639.1,7.31,12.48,1
B104400,0.458,0.881,1590.0,27.68,15.93,0
B104401,0.529,0.876,1632.8,24.41,8.99,0
B104402,0.294,1.26,1649.2,25.22,8.95,0
B104403,0.442,0.904,1689.1,9.54,12.85,1
B104404,0.385,0.774,1654.4,29.07,12.62,0
B104405,0.502,1.214,1603.5,15.36,8.97,0
B104406,0.386,0.936,1528.0,16.94,20.55,1
B104407,0.354,0.675,1608.6,15.78,12.99,0
B104408,0.465,1.246,1614.1,25.68,13.64,0
B104409,0.505,0.958,1639.0,18.92,7.03,0
B104410,0.32,0.901,1674.5,22.89,27.43,0
B104411,0.393,0.953,1594.8,20.46,29.56,0
B104412,0.273,0.579,1715.6,19.43,10.32,0
B104413,0.1,0.742,1503.2,14.32,22.36,0
B104414,0.424,0.901,1623.1,30.87,14.45,0
B104415,0.473,0.842,1556.1,11.22,24.62,0
B104416,0.431,1.282,1495.1,22.47,17.02,0
B104417,0.166,0.965,1588.9,22.26,15.6,0
B104418,0.358,1.156,1519.9,26.93,2.0,1
B104419,0.134,0.903,1591.1,28.33,9.73,0
B104420,0.564,1.217,1601.9,19.18,15.12,0
B104421,0.27,1.019,1661.5,23.18,16.19,1
B104422,0.551,0.904,1517.1,30.59,7.71,1
B104423,0.514,0.896,1650.0,19.61,10.63,0
B104424,0.292,0.614,1605.4,13.6,18.32,0
B104425,0.264,1.052,1656.6,17.69,6.7,0
B104426,0.442,0.888,1576.3,12.17,15.8,0
B104427,0.299,0.749,1526.7,22.23,22.43,1
B104428,0.412,1.232,1533.0,26.39,17.31,1
B104429,0.342,0.525,1529.0,19.27,17.01,1
B104430,0.186,0.773,1626.3,10.27,2.88,1
B104431,0.132,1.208,1681.2,26.13,10.07,1
B104432,0.427,0.995,1568.9,9.34,27.33,0
B104433,0.333,0.886,1634.6,10.72,11.41,0
B104434,0.334,0.975,1516.2,18.93,22.59,0
B104435,0.484,0.954,1609.9,21.51,11.33,0
B104436,0.541,0.445,1636.8,22.53,13.33,1
B104437,0.367,0.795,1520.4,19.6,18.09,0
B104438,0.359,1.385,1588.8,30.56,15.6,0
B104439,0.46,0.702,1639.4,20.39,17.29,0
B104440,0.237,0.805,1450.0,26.21,10.09,1
B104441,0.427,0.738,1673.4,24.72,8.18,0
B104442,0.466,0.874,1619.5,12.24,9.68,1
B104443,0.482,0.725,1639.4,18.98,11.81,0
B104444,0.168,1.046,1577.3,32.74,13.62,1
B104445,0.309,0.959,1505.3,16.97,21.22,0
B104446,0.295,1.132,1629.4,15.95,15.52,0
B104447,0.412,0.585,1595.5,21.02,17.91,0
B104448,0.458,0.798,1601.8,17.19,15.85,0
B104449,0.58,0.832,1659.8,15.24,8.31,0
B104450,0.341,1.037,1641.9,17.1,15.1,1
B104451,0.34,0.662,1705.7,28.59,15.78,1
B104452,0.538,1.175,1608.5,19.18,19.56,0
B104453,0.436,1.256,1562.0,12.03,8.59,0
B104454,0.552,0.603,1589.6,10.93,2.76,0
B104455,0.435,0.753,1622.9,33.24,16.06,1
B104456,0.261,0.74,1655.9,18.66,17.12,0
B104457,0.24,1.69,1519.3,22.61,13.92,1
B104458,0.214,0.771,1600.5,15.37,15.17,0
B104459,0.479,1.403,1688.5,21.93,20.27,0
B104460,0.543,0.52,1586.8,28.76,12.25,1
B104461,0.622,0.603,1651.2,16.09,13.33,0
B104462,0.501,0.694,1627.1,22.75,15.47,0
B104463,0.54,0.646,1652.6,11.57,7.68,1
B104464,0.33,0.82,1555.5,32.14,14.09,0
B104465,0.261,0.687,1555.7,21.61,14.62,0
B104466,0.502,0.654,1601.1,17.52,24.82,0
B104467,0.45,1.248,1515.7,18.21,13.21,0
B104468,0.413,1.267,1585.2,16.94,16.2,0
B104469,0.446,1.185,1613.9,17.25,20.51,0
B104470,0.439,1.057,1698.2,5.32,9.98,0
B104471,0.554,0.928,1622.1,19.41,23.25,1
B104472,0.555,0.751,1634.4,19.16,25.58,0
B104473,0.465,0.614,1664.0,22.93,14.83,0
B104474,0.501,1.009,1546.9,16.86,11.76,0
B104475,0.462,0.548,1590.9,15.37,24.76,0
B104476,0.345,0.602,1733.4,19.95,19.77,0
B104477,0.491,1.246,1595.6,10.33,15.49,0
B104478,0.233,1.47,1661.4,20.86,23.56,1
B104479,0.526,1.018,1653.0,8.83,22.93,0
B104480,0.257,1.232,1518.7,26.72,12.98,1
B104481,0.434,0.826,1617.1,24.11,16.49,0
B104482,0.299,0.499,1608.1,14.44,18.46,0
B104483,0.466,1.084,1618.1,23.97,15.17,0
B104484,0.396,1.071,1558.5,20.67,6.65,0
B104485,0.209,0.922,1538.6,13.95,9.37,0
B104486,0.45,0.827,1573.8,7.86,6.85,0
B104487,0.331,1.189,1594.6,21.9,17.96,1
B104488,0.506,0.604,1665.2,15.23,7.89,0
B104489,0.4,0.668,1700.0,26.57,16.15,1
B104490,0.447,0.598,1676.8,20.08,25.99,0
B104491,0.285,0.925,1647.3,15.8,23.57,0
B104492,0.329,0.574,1544.8,30.79,3.98,1
B104493,0.345,0.695,1577.5,23.46,7.33,0
B104494,0.503,0.688,1611.5,5.0,10.34,0
B104495,0.601,0.822,1565.2,17.08,7.99,1
B104496,0.303,0.454,1631.7,11.7,5.08,0
B104497,0.529,0.926,1639.6,15.2,14.93,0
B104498,0.14,1.274,1629.5,19.13,19.23,1
B104499,0.257,0.941,1656.4,22.12,20.72,0
B104500,0.285,1.362,1550.2,21.57,12.15,0
B104501,0.238,1.3,1651.3,26.47,13.37,1
B104502,0.21,1.133,1561.7,23.82,17.13,0
B104503,0.45,0.922,1548.2,23.45,14.35,0
B104504,0.374,0.907,1629.3,21.21,19.86,0
B104505,0.446,1.129,1666.9,27.72,17.58,0
B104506,0.483,0.782,1626.8,18.1,12.74,0
B104507,0.432,0.335,1601.1,18.26,3.86,0
B104508,0.479,1.048,1617.1,8.57,23.99,0
B104509,0.392,0.561,1607.5,26.34,10.88,0
B104510,0.258,0.611,1538.1,19.54,17.15,1
B104511,0.527,0.9,1531.7,37.6,3.5,1
B104512,0.329,0.871,1595.7,17.57,14.93,0
B104513,0.288,0.476,1604.4,20.53,15.6,0
B104514,0.379,0.95,1600.6,23.28,15.89,0
B104515,0.29,1.19,1637.2,13.39,33.08,0
B104516,0.35,0.561,1588.1,22.15,11.21,0
B104517,0.441,1.282,1631.0,20.21,19.92,1
B104518,0.442,0.432,1592.0,18.18,18.14,0
B104519,0.292,1.535,1700.3,27.04,10.93,0
B104520,0.341,0.777,1604.4,14.58,19.83,0
B104521,0.529,0.944,1728.7,21.65,14.01,1
B104522,0.46,0.332,1619.4,28.73,20.25,0
B104523,0.649,0.881,1588.2,15.76,26.77,0
B104524,0.542,0.969,1550.5,18.22,15.9,0
B104525,0.537,0.874,1520.6,34.07,13.31,1
B104526,0.233,0.731,1545.5,22.85,21.31,1
B104527,0.492,0.616,1551.6,16.96,23.38,0
B104528,0.394,1.239,1621.7,24.82,9.7,0
B104529,0.334,0.909,1571.1,16.59,12.28,0
B104530,0.42,1.362,1610.3,10.61,19.05,0
B104531,0.513,0.742,1670.5,28.23,14.21,0
B104532,0.46,0.77,1595.2,13.38,9.27,0
B104533,0.295,1.145,1714.4,34.71,18.24,1
B104534,0.489,0.413,1535.3,17.06,19.03,1
B104535,0.323,0.536,1591.7,32.8,12.99,0
B104536,0.426,1.229,1570.3,11.79,15.37,1
B104537,0.364,0.548,1651.5,26.15,11.54,0
B104538,0.374,0.354,1476.8,23.0,8.43,1
B104539,0.492,1.461,1520.6,25.03,12.02,1
B104540,0.275,0.482,1594.1,25.81,15.44,0
B104541,0.633,0.955,1685.3,17.01,6.15,1
B104542,0.181,0.921,1612.4,12.15,12.46,0
B104543,0.328,0.1,1525.7,19.69,15.53,1
B104544,0.444,0.82,1534.2,21.34,22.17,0
B104545,0.47,1.035,1692.0,17.17,13.12,1
B104546,0.388,1.006,1565.8,21.67,7.52,0
B104547,0.393,1.171,1548.1,21.98,13.74,0
B104548,0.449,0.784,1681.3,14.54,11.6,0
B104549,0.372,1.114,1655.6,22.37,18.31,0
B104550,0.567,0.693,1670.1,18.4,12.97,1
B104551,0.501,0.477,1547.7,15.8,2.0,1
B104552,0.505,0.511,1516.1,24.72,37.15,1
B104553,0.284,0.461,1607.3,15.34,15.85,1
B104554,0.39,1.203,1618.4,17.26,15.54,0
B104555,0.364,0.446,1620.1,20.43,5.75,0
B104556,0.279,0.982,1681.3,28.25,6.21,0
B104557,0.443,0.82,1504.6,21.16,14.45,0
B104558,0.335,0.869,1647.3,23.17,17.02,0
B104559,0.479,1.309,1539.7,18.21,19.21,0
B104560,0.272,0.768,1647.1,19.53,16.42,0
B104561,0.606,1.083,1573.9,19.71,7.88,0
B104562,0.292,0.911,1555.2,21.76,2.0,0
B104563,0.426,0.854,1566.5,18.22,14.4,0
B104564,0.495,1.59,1520.5,28.04,11.8,0
B104565,0.332,0.468,1602.2,17.76,7.42,0
B104566,0.502,1.287,1557.5,9.76,19.97,0
B104567,0.252,1.097,1643.2,36.46,5.55,1
B104568,0.574,0.756,1635.2,18.04,18.7,0
B104569,0.402,1.389,1692.8,27.88,6.54,0
B104570,0.328,0.346,1620.1,28.43,15.8,0
B104571,0.364,0.743,1628.6,25.67,20.6,0
B104572,0.497,0.537,1677.0,18.81,12.97,1
B104573,0.33,1.024,1565.5,21.72,25.14,1
B104574,0.31,0.566,1518.1,12.35,26.51,1
B104575,0.373,1.03,1611.0,31.94,16.42,0
B104576,0.259,0.844,1521.8,14.89,18.25,1
B104577,0.618,0.756,1735.0,18.48,21.36,1
B104578,0.332,1.017,1680.1,20.59,18.27,0
B104579,0.5,0.819,1719.0,19.36,17.62,1
B104580,0.425,0.573,1603.4,16.06,11.86,1
B104581,0.282,1.74,1630.3,28.37,4.88,0
B104582,0.399,0.754,1574.7,25.7,6.66,0
B104583,0.494,0.235,1648.6,21.93,29.29,0
B104584,0.377,0.647,1533.1,17.6,16.93,0
B104585,0.543,0.52,1460.1,26.39,13.53,1
B104586,0.523,1.148,1556.5,17.21,22.58,0
B104587,0.51,0.996,1519.9,29.42,10.5,0
B104588,0.345,1.02,1681.3,20.67,18.5,0
B104589,0.27,0.789,1699.9,27.38,15.46,1
B104590,0.326,0.816,1522.8,19.32,17.76,0
B104591,0.424,0.789,1671.0,20.43,12.98,0
B104592,0.465,0.876,1652.3,27.35,9.21,0
B104593,0.139,1.151,1513.7,33.16,10.06,1
B104594,0.399,1.001,1578.5,29.36,10.3,0
B104595,0.419,1.05,1568.1,25.26,14.98,0
B104596,0.367,1.05,1641.1,23.54,5.66,0
B104597,0.555,1.165,1532.4,16.96,7.52,0
B104598,0.451,0.986,1594.6,21.77,15.81,0
B104599,0.557,1.008,1562.3,14.52,14.23,0
B104600,0.374,1.257,1626.0,22.25,16.14,0
B104601,0.512,0.7,1588.1,22.64,14.73,0
B104602,0.596,0.643,1570.6,8.23,30.11,0
B104603,0.557,0.544,1588.3,20.23,15.76,0
B104604,0.269,0.955,1712.0,22.49,12.73,0
B104605,0.37,0.344,1577.1,19.5,15.61,0
B104606,0.359,1.039,1542.7,22.15,21.12,0
B104607,0.459,0.867,1632.1,11.95,14.7,0
B104608,0.482,1.24,1592.1,15.34,19.11,0
B104609,0.299,0.698,1522.2,26.21,17.38,1
B104610,0.408,0.839,1722.7,20.0,13.26,1
B104611,0.158,1.237,1580.6,22.04,15.67,0
B104612,0.573,1.315,1579.2,16.72,24.59,0
B104613,0.339,0.696,1608.8,20.12,16.46,0
B104614,0.407,0.955,1695.2,6.19,9.08,0
B104615,0.363,0.988,1507.6,25.08,13.08,1
B104616,0.538,1.012,1615.2,30.85,2.31,0
B104617,0.059,0.821,1714.8,13.61,15.82,0
B104618,0.398,1.284,1607.1,14.36,22.87,1
B104619,0.387,0.333,1532.1,22.65,6.95,0
B104620,0.346,0.774,1566.0,28.84,15.9,0
B104621,0.607,1.034,1611.4,19.99,20.91,0
B104622,0.294,1.037,1673.2,12.62,21.55,0
B104623,0.493,1.306,1581.3,18.75,22.68,0
B104624,0.443,1.259,1645.5,13.82,3.79,1
B104625,0.551,0.814,1521.1,15.99,18.03,1
B104626,0.32,1.29,1520.6,18.18,5.97,0
B104627,0.312,0.686,1573.4,14.42,9.01,0
B104628,0.532,1.179,1679.1,15.33,19.93,1
B104629,0.451,1.443,1603.8,20.45,15.95,0
B104630,0.215,1.264,1615.9,21.29,19.36,0
B104631,0.335,0.932,1615.3,11.46,9.43,0
B104632,0.446,0.8,1661.0,22.38,23.84,0
B104633,0.501,0.441,1566.4,17.71,19.13,0
B104634,0.318,0.993,1637.9,24.32,20.34,0
B104635,0.05,0.565,1554.3,24.68,8.52,1
B104636,0.463,0.662,1709.1,16.73,22.03,0
B104637,0.254,0.543,1556.0,23.68,13.1,0
B104638,0.158,0.762,1551.5,14.98,11.33,0
B104639,0.06,0.892,1630.2,27.94,18.75,0
B104640,0.498,0.982,1604.4,15.21,18.5,1
B104641,0.415,0.72,1618.0,22.12,9.92,0
B104642,0.373,1.221,1612.5,18.87,27.34,0
B104643,0.567,0.838,1540.0,13.9,25.89,0
B104644,0.476,0.664,1688.7,25.41,18.63,1
B104645,0.594,0.968,1649.1,16.32,17.58,1
B104646,0.233,1.489,1674.7,9.8,16.98,0
B104647,0.396,1.001,1570.9,5.0,5.7,0
B104648,0.206,0.791,1622.9,14.75,15.68,0
B104649,0.372,0.442,1610.9,28.26,15.6,0
B104650,0.37,0.834,1662.0,27.55,11.54,0
B104651,0.475,0.97,1663.8,15.69,13.14,0
B104652,0.405,0.784,1610.6,17.75,2.0,0
B104653,0.475,0.4,1516.5,17.21,8.42,1
B104654,0.484,0.645,1697.9,12.0,20.53,0
B104655,0.659,1.336,1630.6,14.31,25.39,0
B104656,0.362,1.33,1566.5,25.89,9.34,0
B104657,0.287,0.634,1622.4,23.02,16.1,0
B104658,0.43,1.102,1516.9,21.64,21.59,0
B104659,0.304,0.546,1658.0,11.99,11.88,0
B104660,0.578,1.321,1519.1,20.6,19.06,1
B104661,0.366,0.974,1587.9,6.18,14.8,0
B104662,0.332,1.185,1613.4,25.06,22.14,0
B104663,0.343,0.385,1657.1,21.55,7.31,0
B104664,0.486,1.103,1605.9,11.93,8.37,0
B104665,0.381,0.898,1634.9,29.7,16.68,0
B104666,0.323,1.156,1598.5,9.22,15.58,0
B104667,0.6,1.174,1598.2,23.18,14.66,0
B104668,0.297,0.92,1604.7,23.33,18.46,0
B104669,0.404,0.72,1589.6,12.56,9.42,0
B104670,0.478,1.134,1507.2,19.77,6.78,0
B104671,0.204,0.882,1557.7,10.18,12.0,0
B104672,0.458,0.638,1613.5,5.0,12.67,0
B104673,0.273,0.624,1586.3,13.59,13.3,0
B104674,0.499,0.457,1591.4,16.3,22.61,0
B104675,0.284,0.747,1582.2,23.87,19.62,0
B104676,0.483,1.231,1552.5,20.4,18.2,0
B104677,0.533,0.953,1572.9,20.56,16.33,0
B104678,0.503,0.741,1583.1,13.91,12.39,0
B104679,0.43,1.141,1600.3,16.82,9.88,0
B104680,0.372,0.65,1621.6,14.42,7.82,0
B104681,0.331,0.929,1590.1,12.65,10.83,0
B104682,0.577,0.846,1543.4,16.44,14.74,0
B104683,0.316,1.134,1523.1,20.45,8.07,0
B104684,0.276,0.427,1742.9,16.56,16.02,1
B104685,0.48,0.645,1537.9,18.06,13.83,1
B104686,0.304,0.409,1571.5,24.17,12.62,1
B104687,0.286,0.822,1628.4,17.0,21.97,1
B104688,0.227,1.263,1619.8,12.0,2.0,0
B104689,0.342,0.748,1628.6,23.38,12.7,0
B104690,0.39,0.747,1575.7,21.6,2.0,1
B104691,0.429,1.162,1613.1,21.97,16.43,1
B104692,0.514,1.221,1603.4,23.76,19.57,0
B104693,0.463,0.873,1582.8,22.74,6.89,0
B104694,0.377,1.105,1613.5,20.17,7.66,0
B104695,0.376,0.577,1658.0,34.35,4.81,0
B104696,0.461,1.313,1598.8,12.29,15.38,0
B104697,0.553,1.545,1599.1,16.48,12.96,0
B104698,0.415,1.056,1658.7,25.8,13.33,0
B104699,0.344,0.275,1652.9,20.86,12.79,1
B104700,0.281,0.733,1687.1,24.55,9.16,0
B104701,0.227,1.084,1503.4,21.02,21.79,1
B104702,0.48,0.774,1649.8,28.24,16.63,1
B104703,0.469,1.282,1633.1,13.95,7.89,0
B104704,0.469,1.076,1551.3,28.05,10.8,0
B104705,0.385,0.688,1613.8,27.03,9.77,0
B104706,0.569,0.91,1657.8,12.74,23.44,0
B104707,0.342,0.632,1554.4,23.78,19.27,0
B104708,0.515,0.845,1624.3,19.74,14.24,0
B104709,0.395,0.734,1647.9,16.36,25.24,0
B104710,0.327,1.252,1541.1,8.67,23.71,0
B104711,0.471,1.535,1592.2,13.94,13.62,0
B104712,0.449,0.471,1616.6,24.25,12.54,1
B104713,0.443,0.323,1556.2,24.88,12.83,1
B104714,0.41,0.826,1551.6,18.74,9.28,0
B104715,0.395,0.444,1592.6,24.9,25.4,1
B104716,0.687,0.914,1644.1,25.67,8.96,1
B104717,0.542,1.125,1635.4,20.93,20.21,0
B104718,0.487,1.348,1552.6,15.67,19.14,0
B104719,0.413,0.96,1635.9,22.65,13.17,0
B104720,0.521,0.842,1554.0,22.92,25.86,0
B104721,0.462,0.306,1511.4,24.04,5.65,0
B104722,0.403,0.908,1579.8,25.19,14.52,0
B104723,0.364,0.921,1661.8,11.83,12.07,0
B104724,0.39,1.092,1636.1,16.94,20.76,0
B104725,0.05,0.687,1599.9,8.61,17.12,0
B104726,0.425,0.769,1577.1,24.48,4.64,0
B104727,0.341,0.457,1578.6,18.73,22.44,1
B104728,0.591,0.213,1606.0,22.58,17.91,1
B104729,0.402,0.567,1541.2,11.15,8.79,1
B104730,0.257,0.429,1580.9,28.41,12.9,0
B104731,0.394,1.001,1588.1,12.83,7.2,1
B104732,0.274,0.745,1525.7,24.65,13.97,1
B104733,0.457,0.739,1553.9,20.71,15.9,0
B104734,0.435,0.605,1622.6,18.86,12.99,0
B104735,0.515,0.1,1600.5,18.38,12.3,1
B104736,0.305,1.352,1583.0,16.17,5.32,0
B104737,0.404,0.6,1549.9,27.77,17.02,0
B104738,0.236,0.776,1686.7,20.08,3.45,1
B104739,0.484,0.464,1553.9,12.38,15.19,0
B104740,0.462,1.192,1613.8,17.7,4.21,0
B104741,0.459,0.943,1573.2,20.77,15.3,0
B104742,0.4,0.652,1602.0,25.39,14.96,0
B104743,0.45,0.782,1625.2,16.37,17.42,0
B104744,0.593,1.403,1524.6,16.77,20.17,1
B104745,0.366,0.878,1599.6,20.14,21.29,0
B104746,0.417,0.845,1665.5,25.24,5.34,1
B104747,0.27,0.618,1696.9,11.79,14.65,1
B104748,0.296,0.332,1592.8,23.03,27.07,0
B104749,0.412,0.852,1602.3,17.22,15.71,0
B104750,0.532,0.998,1721.6,18.05,10.01,1
B104751,0.369,1.23,1662.4,32.01,14.52,1
B104752,0.372,0.225,1566.0,18.82,12.7,1
B104753,0.351,0.562,1566.0,24.53,7.94,1
B104754,0.336,0.726,1652.6,24.31,20.21,0
B104755,0.435,0.899,1544.4,12.92,18.51,0
B104756,0.22,0.856,1659.8,8.93,6.99,0
B104757,0.554,0.863,1618.4,24.93,14.44,0
B104758,0.32,1.022,1628.5,13.5,11.6,1
B104759,0.487,0.629,1585.9,10.01,5.39,0
B104760,0.248,1.18,1565.4,26.16,6.51,0
B104761,0.48,1.03,1680.4,13.88,7.4,1
B104762,0.481,0.804,1586.4,15.36,14.65,0
B104763,0.446,1.38,1577.4,31.85,12.25,0
B104764,0.281,1.367,1595.6,10.04,9.24,0
B104765,0.43,1.18,1610.6,12.46,12.65,0
B104766,0.258,0.1,1543.3,17.24,19.49,1
B104767,0.37,1.374,1568.9,18.56,17.14,0
B104768,0.524,1.138,1566.0,14.64,21.01,0
B104769,0.496,1.502,1646.5,13.05,13.63,0
B104770,0.402,1.271,1551.3,29.06,24.62,0
B104771,0.283,1.374,1503.4,21.58,17.09,0
B104772,0.477,1.164,1491.8,23.51,12.07,1
B104773,0.402,1.305,1519.1,19.18,15.56,1
B104774,0.122,1.498,1674.9,21.74,7.51,0
B104775,0.494,0.965,1600.9,25.6,13.16,0
B104776,0.397,0.428,1627.6,14.02,17.58,0
B104777,0.544,0.808,1629.5,21.59,18.67,0
B104778,0.269,1.017,1603.1,24.18,12.54,0
B104779,0.05,0.922,1595.9,29.27,31.4,0
B104780,0.433,0.526,1657.4,31.69,13.97,0
B104781,0.435,0.411,1608.0,20.42,4.93,0
B104782,0.197,0.678,1677.0,26.83,22.28,0
B104783,0.283,1.142,1634.1,5.0,18.64,0
B104784,0.731,1.374,1566.0,29.31,16.39,1
B104785,0.363,1.175,1572.7,15.64,12.21,1
B104786,0.488,1.217,1560.0,18.55,17.36,1
B104787,0.322,0.876,1667.0,22.65,24.71,0
B104788,0.149,0.377,1577.7,19.08,16.21,1
B104789,0.38,0.763,1556.1,21.18,6.18,0
B104790,0.368,0.822,1617.6,29.53,2.0,0
B104791,0.352,0.751,1594.7,17.69,17.31,0
B104792,0.386,0.916,1616.2,13.48,9.08,0
B104793,0.432,1.032,1703.9,30.88,14.4,0
B104794,0.382,1.156,1650.2,23.16,10.15,0
B104795,0.248,0.817,1601.5,31.53,9.71,0
B104796,0.458,0.329,1522.5,25.18,10.41,0
B104797,0.166,0.755,1572.5,12.06,10.95,0
B104798,0.154,0.913,1639.1,23.87,19.66,0
B104799,0.489,1.267,1535.6,14.1,18.44,0
B104800,0.461,0.73,1717.8,20.04,7.75,1
B104801,0.393,1.054,1600.8,19.55,8.57,1
B104802,0.233,0.987,1602.7,10.29,17.27,0
B104803,0.315,0.913,1563.3,15.12,21.32,1
B104804,0.368,1.179,1627.3,33.23,21.22,0
B104805,0.208,0.702,1536.3,21.43,8.98,0
B104806,0.311,0.727,1719.1,18.95,20.94,0
B104807,0.478,0.896,1672.5,30.88,4.34,0
B104808,0.571,0.708,1654.1,17.62,13.78,0
B104809,0.35,1.052,1523.5,19.45,17.92,0
B104810,0.491,0.686,1611.3,25.94,2.53,0
B104811,0.17,0.968,1666.5,17.6,27.56,0
B104812,0.479,0.87,1632.6,15.52,22.96,0
B104813,0.304,0.964,1544.9,6.48,18.88,0
B104814,0.437,0.762,1564.2,14.38,9.21,1
B104815,0.37,0.798,1575.1,14.32,14.59,0
B104816,0.558,0.929,1566.8,20.95,19.74,0
B104817,0.295,0.961,1684.1,16.34,8.26,1
B104818,0.475,0.899,1494.3,32.95,13.92,1
B104819,0.366,1.412,1636.1,13.65,20.46,0
B104820,0.381,0.603,1528.9,28.4,6.03,0
B104821,0.378,0.881,1547.1,21.32,16.99,0
B104822,0.299,0.428,1489.5,24.84,4.47,1
B104823,0.398,1.012,1569.8,24.48,9.34,0
B104824,0.392,0.565,1683.1,6.69,11.97,1
B104825,0.429,0.817,1614.6,19.93,18.08,0
B104826,0.41,0.788,1534.1,18.43,10.8,0
B104827,0.496,0.984,1655.9,13.2,15.75,0
B104828,0.511,0.734,1667.7,22.76,10.88,0
B104829,0.274,0.721,1605.7,30.3,11.82,0
B104830,0.504,1.331,1711.9,5.0,22.5,0
B104831,0.258,0.985,1645.2,16.79,8.1,1
B104832,0.471,0.732,1637.5,12.53,19.55,1
B104833,0.474,0.825,1555.8,20.43,14.99,0
B104834,0.171,1.394,1634.5,18.05,11.55,0
B104835,0.411,0.829,1611.9,16.37,7.69,0
B104836,0.344,0.693,1628.6,24.14,8.12,0
B104837,0.309,0.695,1562.3,29.82,10.57,0
B104838,0.562,0.735,1607.0,35.97,14.1,0
B104839,0.322,0.722,1555.1,15.56,18.62,0
B104840,0.303,0.516,1481.9,9.07,13.2,0
B104841,0.409,0.563,1654.9,23.36,13.6,0
B104842,0.482,0.651,1517.4,29.66,14.5,0
B104843,0.383,1.077,1605.9,24.88,17.86,0
B104844,0.54,0.786,1618.3,29.64,18.87,0
B104845,0.464,0.838,1618.0,18.65,6.68,0
B104846,0.139,1.281,1584.4,16.34,13.31,0
B104847,0.336,1.289,1614.9,20.69,22.36,0
B104848,0.333,0.815,1625.9,18.02,7.1,0
B104849,0.458,0.711,1640.4,23.98,15.45,0
B104850,0.085,0.641,1695.3,25.82,13.97,0
B104851,0.706,1.108,1612.9,26.29,11.6,1
B104852,0.464,0.839,1603.5,23.06,24.54,0
B104853,0.418,0.784,1550.1,21.47,15.22,0
B104854,0.542,0.656,1624.0,24.77,24.07,0
B104855,0.681,0.669,1636.7,8.22,15.03,1
B104856,0.504,0.996,1589.4,21.26,17.76,0
B104857,0.514,0.505,1630.0,20.31,11.54,0
B104858,0.416,1.198,1583.9,21.28,11.6,0
B104859,0.383,0.74,1636.9,19.47,17.46,0
B104860,0.343,0.855,1650.2,22.59,17.57,0
B104861,0.301,0.499,1649.4,16.55,18.59,1
B104862,0.318,0.896,1606.5,26.78,17.26,0
B104863,0.238,0.802,1542.8,22.84,6.98,0
B104864,0.391,0.885,1566.3,20.9,10.16,0
B104865,0.198,1.342,1632.7,15.81,20.1,0
B104866,0.423,0.953,1734.7,24.89,3.25,1
B104867,0.396,0.662,1581.3,21.24,16.76,0
B104868,0.418,0.687,1625.1,15.47,14.33,0
B104869,0.337,1.079,1569.4,19.66,20.1,0
B104870,0.769,1.29,1546.4,23.77,17.5,0
B104871,0.563,0.985,1562.8,23.31,11.02,1
B104872,0.251,1.107,1485.5,22.92,10.74,0
B104873,0.428,1.083,1674.4,20.56,11.86,0
B104874,0.327,1.326,1477.3,26.15,18.48,1
B104875,0.278,0.315,1585.5,27.43,2.0,1
B104876,0.239,1.1,1535.2,24.42,15.94,0
B104877,0.452,1.195,1551.4,16.48,9.7,0
B104878,0.318,0.498,1675.7,13.65,16.15,0
B104879,0.516,0.634,1611.1,16.74,17.07,1
B104880,0.519,0.645,1546.9,31.72,5.03,0
B104881,0.565,0.681,1567.6,21.69,13.64,0
B104882,0.298,0.755,1557.9,32.76,15.93,1
B104883,0.457,0.973,1597.6,19.28,15.53,0
B104884,0.476,1.16,1609.5,18.45,14.27,0
B104885,0.343,1.224,1704.3,19.56,7.67,0
B104886,0.307,0.649,1494.6,19.45,8.59,1
B104887,0.593,0.647,1598.1,15.36,6.73,0
B104888,0.427,1.295,1582.6,13.11,18.32,0
B104889,0.476,1.094,1652.1,23.01,14.31,0
B104890,0.301,0.925,1619.5,26.33,14.69,1
B104891,0.254,1.042,1632.5,34.67,4.77,0
B104892,0.332,0.891,1619.0,17.4,14.8,0
B104893,0.385,1.057,1548.7,17.88,18.8,0
B104894,0.272,0.799,1666.6,15.37,3.95,1
B104895,0.399,0.981,1643.9,26.75,11.79,0
B104896,0.197,0.447,1650.4,24.89,5.58,0
B104897,0.266,0.694,1669.5,14.74,12.48,0
B104898,0.481,0.697,1623.0,14.59,9.59,0
B104899,0.472,0.788,1681.5,25.72,17.29,0
B104900,0.353,0.622,1620.8,22.3,16.02,0
B104901,0.278,0.74,1588.0,24.55,22.75,0
B104902,0.277,0.446,1599.6,14.7,14.68,0
B104903,0.355,1.065,1598.7,8.73,17.03,0
B104904,0.477,0.875,1571.4,14.75,11.65,0
B104905,0.511,0.388,1689.8,24.13,8.38,1
B104906,0.34,0.65,1616.3,32.67,20.01,0
B104907,0.262,1.001,1605.2,17.42,22.46,1
B104908,0.432,0.737,1621.4,33.66,19.23,1
B104909,0.301,0.691,1750.0,24.98,15.79,0
B104910,0.338,0.878,1537.8,11.64,9.16,0
B104911,0.559,1.003,1553.5,21.28,21.85,1
B104912,0.499,0.469,1524.1,25.18,18.48,0
B104913,0.419,1.065,1587.2,5.45,27.15,0
B104914,0.247,0.66,1613.5,23.87,8.07,0
B104915,0.425,0.895,1574.4,27.04,20.18,0
B104916,0.528,0.889,1570.3,22.39,18.29,0
B104917,0.355,0.742,1607.8,19.63,12.95,1
B104918,0.562,0.593,1572.4,18.96,23.18,0
B104919,0.555,0.814,1617.1,18.61,17.41,0
B104920,0.6,1.388,1661.3,12.94,9.38,1
B104921,0.437,0.491,1637.2,15.87,14.29,1
B104922,0.47,1.408,1648.5,17.5,9.31,0
B104923,0.57,0.822,1659.7,20.68,12.19,0
B104924,0.454,0.911,1615.6,16.66,19.22,0
B104925,0.34,0.574,1591.3,14.79,20.94,0
B104926,0.346,0.669,1557.5,24.56,16.33,1
B104927,0.429,0.749,1578.5,22.22,10.5,0
B104928,0.245,0.586,1571.2,16.76,17.29,1
B104929,0.383,0.837,1640.2,23.04,19.34,0
B104930,0.532,0.778,1619.1,17.28,3.17,0
B104931,0.137,1.455,1638.3,20.38,15.7,1
B104932,0.584,0.55,1536.2,25.85,13.86,1
B104933,0.535,0.931,1678.7,16.38,20.72,0
B104934,0.345,0.974,1576.5,12.97,17.31,0
B104935,0.465,0.579,1539.5,19.13,17.91,1
B104936,0.4,1.106,1575.8,11.82,12.11,0
B104937,0.548,0.781,1736.6,18.34,15.01,1
B104938,0.518,0.152,1578.7,18.32,20.66,0
B104939,0.232,1.098,1582.1,5.22,14.61,0
B104940,0.47,0.565,1589.4,23.18,16.05,0
B104941,0.375,0.586,1591.8,18.9,5.78,0
B104942,0.41,1.106,1557.0,27.09,14.59,0
B104943,0.313,0.796,1607.9,21.29,2.93,0
B104944,0.61,1.175,1659.2,24.41,11.9,1
B104945,0.525,1.263,1617.3,27.14,15.38,0
B104946,0.311,0.707,1538.9,19.21,19.6,0
B104947,0.24,1.138,1581.1,20.0,9.01,0
B104948,0.354,0.673,1569.7,10.56,17.24,0
B104949,0.452,1.57,1602.9,27.44,23.81,1
B104950,0.429,0.692,1673.2,19.13,11.16,0
B104951,0.55,1.208,1591.8,13.97,5.72,0
B104952,0.495,1.153,1595.2,24.44,16.74,0
B104953,0.516,0.995,1697.8,6.92,7.85,1
B104954,0.439,0.699,1648.2,17.42,10.09,0
B104955,0.233,0.855,1631.6,25.45,20.54,0
B104956,0.377,0.254,1707.7,17.37,26.26,0
B104957,0.527,0.967,1626.9,15.69,9.0,0
B104958,0.394,1.005,1490.7,17.5,10.58,0
B104959,0.46,0.94,1645.8,7.94,12.36,0
B104960,0.362,0.1,1512.4,24.29,11.71,1
B104961,0.276,0.52,1624.9,19.26,26.6,0
B104962,0.385,0.676,1505.7,18.37,11.82,0
B104963,0.437,0.987,1574.3,18.39,12.67,0
B104964,0.321,0.987,1580.0,20.08,24.7,1
B104965,0.372,0.849,1557.6,23.92,18.46,0
B104966,0.287,1.091,1580.8,19.69,20.92,0
B104967,0.534,0.592,1656.8,11.83,9.56,0
B104968,0.365,1.083,1560.7,23.45,11.82,0
B104969,0.574,1.042,1630.0,22.99,8.76,0
B104970,0.583,1.013,1546.9,21.23,19.81,0
B104971,0.39,0.845,1589.6,26.45,22.35,1
B104972,0.279,1.449,1617.8,20.18,11.4,0
B104973,0.15,1.048,1545.2,26.67,12.81,0
B104974,0.223,0.609,1527.9,28.44,13.08,1
B104975,0.235,0.974,1627.1,23.49,5.72,0
B104976,0.565,1.126,1661.8,15.51,10.96,0
B104977,0.414,0.724,1595.7,19.22,19.64,0
B104978,0.447,1.227,1574.8,27.43,9.75,0
B104979,0.134,1.015,1608.6,11.01,15.56,0
B104980,0.256,0.197,1603.1,17.65,7.15,0
B104981,0.506,0.99,1613.4,17.94,14.14,0
B104982,0.434,0.778,1460.9,14.81,11.62,1
B104983,0.382,1.061,1541.2,25.24,7.67,0
B104984,0.468,1.183,1553.5,22.26,19.74,0
B104985,0.596,0.959,1608.3,15.73,20.08,1
B104986,0.373,1.4,1610.2,23.63,9.18,0
B104987,0.408,0.846,1635.0,19.05,13.7,0
B104988,0.423,1.087,1614.2,14.66,15.27,1
B104989,0.687,1.141,1528.5,15.72,4.11,0
B104990,0.148,0.871,1679.6,22.62,6.62,0
B104991,0.482,1.134,1670.0,25.63,22.72,0
B104992,0.386,0.722,1530.8,17.08,8.61,0
B104993,0.468,0.773,1618.3,23.27,22.55,1
B104994,0.321,0.506,1567.3,29.49,6.93,0
B104995,0.394,0.972,1607.6,12.45,18.95,0
B104996,0.485,0.998,1657.9,22.13,13.13,0
B104997,0.774,1.254,1717.2,24.98,13.98,1
B104998,0.497,1.137,1641.3,19.43,26.14,0
B104999,0.298,0.815,1616.2,27.43,7.47,0
B105000,0.349,0.547,1581.3,33.19,18.57,0
B105001,0.346,1.03,1610.0,22.06,18.32,0
B105002,0.185,1.233,1674.8,18.6,35.13,1
B105003,0.36,1.127,1597.5,25.86,8.54,0
B105004,0.488,1.225,1551.3,25.05,11.24,0
B105005,0.247,0.836,1510.9,5.0,19.9,0
B105006,0.526,0.76,1628.2,19.98,13.8,0
B105007,0.459,0.679,1613.6,17.63,12.22,0
B105008,0.312,0.883,1564.5,22.38,20.75,0
B105009,0.383,0.876,1656.4,18.84,13.4,0
B105010,0.592,0.962,1576.8,19.49,9.65,1
B105011,0.488,0.861,1592.6,14.82,19.36,0
B105012,0.401,0.86,1599.1,24.41,17.25,0
B105013,0.371,0.667,1580.7,29.93,13.12,0
B105014,0.409,1.182,1613.0,14.91,12.84,0
B105015,0.339,0.923,1663.3,11.62,9.51,0
B105016,0.147,0.848,1537.2,20.12,19.35,0
B105017,0.645,0.676,1626.9,19.83,12.84,0
B105018,0.419,0.5,1609.5,27.03,10.38,0
B105019,0.448,1.292,1608.5,12.62,7.29,0
B105020,0.393,1.066,1648.0,16.77,17.35,0
B105021,0.312,0.413,1602.7,7.11,11.95,1
B105022,0.378,1.129,1626.4,28.25,2.92,0
B105023,0.208,1.177,1639.4,21.5,7.78,0
B105024,0.673,0.937,1572.3,17.22,13.6,0
B105025,0.252,1.379,1616.5,12.07,13.77,0
B105026,0.276,0.965,1586.2,12.62,13.54,0
B105027,0.347,0.475,1592.7,22.49,12.7,0
B105028,0.555,1.01,1582.3,13.36,6.14,0
B105029,0.402,0.973,1625.9,20.62,9.75,0
B105030,0.252,0.719,1604.5,32.26,22.1,0
B105031,0.551,1.072,1621.7,17.91,21.22,0
B105032,0.488,0.4,1599.0,14.23,18.47,0
B105033,0.465,1.197,1511.8,22.29,17.94,0
B105034,0.486,0.637,1601.7,12.65,20.43,1
B105035,0.687,0.605,1603.5,30.32,8.28,0
B105036,0.662,0.866,1613.3,28.42,15.2,0
B105037,0.318,1.03,1567.3,19.01,8.28,0
B105038,0.595,0.949,1534.2,14.62,8.38,0
B105039,0.446,0.677,1634.4,17.45,17.21,0
B105040,0.46,0.748,1585.0,18.23,20.68,0
B105041,0.197,0.56,1609.4,22.3,13.84,0
B105042,0.38,0.833,1584.5,26.24,24.89,0
B105043,0.302,1.223,1599.7,13.78,16.27,0
B105044,0.499,0.899,1575.3,26.07,10.34,0
B105045,0.529,1.158,1546.8,23.71,8.48,0
B105046,0.151,1.337,1626.1,16.95,21.11,0
B105047,0.397,0.724,1566.8,13.48,15.77,0
B105048,0.535,0.844,1609.0,20.7,19.06,0
B105049,0.378,1.551,1622.6,13.64,2.0,0
B105050,0.487,1.333,1567.7,26.14,16.47,0
B105051,0.442,0.398,1533.8,13.26,11.93,1
B105052,0.441,1.016,1733.4,23.29,6.64,0
B105053,0.367,0.9,1571.0,19.52,14.62,0
B105054,0.254,1.148,1634.3,16.64,21.55,0
B105055,0.265,0.677,1706.7,19.38,28.6,1
B105056,0.485,0.648,1643.4,26.48,16.45,1
B105057,0.402,0.697,1583.5,12.85,10.75,0
B105058,0.383,0.728,1596.3,17.53,10.38,0
B105059,0.349,1.145,1554.2,15.49,20.78,0
B105060,0.363,0.546,1648.5,19.77,9.02,0
B105061,0.526,0.713,1631.1,15.89,18.73,0
B105062,0.36,0.363,1571.7,9.39,16.76,1
B105063,0.239,1.202,1542.7,13.67,16.1,0
B105064,0.489,1.281,1527.3,29.83,5.59,1
B105065,0.375,0.802,1654.3,21.48,12.86,0
B105066,0.404,0.811,1606.6,21.27,6.25,0
B105067,0.593,1.036,1611.8,18.3,11.47,0
B105068,0.398,1.342,1554.7,19.69,20.5,1
B105069,0.435,1.023,1519.5,17.42,22.39,1
B105070,0.259,0.691,1652.9,23.16,16.28,0
B105071,0.374,0.414,1602.3,20.6,11.58,1
B105072,0.473,0.565,1649.9,12.97,24.53,0
B105073,0.213,0.922,1578.8,21.52,11.5,0
B105074,0.424,0.703,1587.0,5.25,8.19,0
B105075,0.412,0.958,1639.2,22.48,19.18,0
B105076,0.405,0.734,1640.3,11.54,17.75,0
B105077,0.524,0.583,1643.9,19.42,11.74,0
B105078,0.44,0.547,1583.8,12.83,15.6,0
B105079,0.577,1.369,1633.8,20.02,17.65,0
B105080,0.281,1.167,1661.0,23.47,16.22,1
B105081,0.416,1.419,1594.2,29.02,17.75,0
B105082,0.41,1.062,1571.8,10.75,11.97,0
B105083,0.272,0.771,1673.9,25.85,18.16,1
B105084,0.515,1.297,1564.0,20.79,15.11,0
B105085,0.679,0.89,1634.6,17.3,12.17,1
B105086,0.398,0.966,1596.8,24.56,13.52,0
B105087,0.461,0.887,1498.7,18.58,14.41,0
B105088,0.41,0.1,1662.1,24.31,6.33,0
B105089,0.314,1.381,1450.0,14.05,11.18,1
B105090,0.182,1.047,1490.9,16.2,15.39,0
B105091,0.315,0.999,1629.0,25.66,6.89,1
B105092,0.233,0.881,1629.0,28.91,11.28,0
B105093,0.604,0.949,1564.9,19.79,29.31,1
B105094,0.386,0.721,1608.1,5.0,8.22,0
B105095,0.358,1.085,1460.8,18.81,12.7,1
B105096,0.507,0.508,1638.9,20.19,10.0,0
B105097,0.265,0.956,1613.7,18.6,14.3,0
B105098,0.308,1.068,1597.5,22.02,10.11,0
B105099,0.408,0.84,1601.1,17.14,13.54,0
B105100,0.523,1.011,1627.1,25.03,10.69,0
B105101,0.46,0.603,1598.4,13.0,21.33,1
B105102,0.43,0.61,1496.9,27.42,15.49,0
B105103,0.409,0.971,1720.8,29.3,8.98,1
B105104,0.448,1.104,1666.0,14.52,20.04,0
B105105,0.424,0.338,1529.3,14.52,9.25,1
B105106,0.276,1.057,1581.0,22.46,5.62,0
B105107,0.406,0.737,1587.0,12.88,14.98,0
B105108,0.271,0.842,1659.3,17.04,26.44,1
B105109,0.41,0.498,1481.2,26.62,4.03,1
B105110,0.342,0.645,1572.6,24.43,7.01,1
B105111,0.705,1.19,1503.2,31.88,19.52,1
B105112,0.395,0.91,1584.3,21.02,11.15,0
B105113,0.231,0.785,1574.0,16.33,18.67,0
B105114,0.384,0.865,1604.4,20.31,9.98,0
B105115,0.462,1.047,1566.7,19.1,15.85,0
B105116,0.601,1.032,1558.7,19.18,25.47,0
B105117,0.329,0.877,1634.1,19.86,7.83,1
B105118,0.21,1.228,1625.0,14.41,21.14,0
B105119,0.498,1.191,1630.3,21.69,19.08,0
B105120,0.234,1.024,1590.3,11.55,6.06,0
B105121,0.348,0.916,1568.6,15.7,18.35,0
B105122,0.369,1.097,1593.5,19.29,15.44,0
B105123,0.392,0.994,1627.6,6.44,15.55,0
B105124,0.483,1.218,1480.3,24.61,17.02,1
B105125,0.318,1.17,1621.7,7.68,12.9,0
B105126,0.367,0.595,1617.0,24.02,15.42,0
B105127,0.398,0.574,1603.4,12.24,16.45,0
B105128,0.418,0.69,1591.8,17.57,19.48,0
B105129,0.412,1.193,1458.9,23.11,5.84,1
B105130,0.452,0.427,1575.8,33.19,22.75,0
B105131,0.501,1.018,1698.4,20.7,8.07,0
B105132,0.447,1.009,1600.7,8.1,19.57,0
B105133,0.454,1.249,1583.1,25.72,15.48,0
B105134,0.21,0.954,1600.9,18.61,7.31,0
B105135,0.406,0.497,1619.5,20.42,18.17,0
B105136,0.458,0.612,1636.2,23.35,9.33,1
B105137,0.487,0.545,1587.4,6.65,21.41,0
B105138,0.317,0.739,1623.4,20.04,10.73,0
B105139,0.321,0.845,1692.2,17.54,6.03,0
B105140,0.331,0.55,1655.3,27.33,24.2,0
B105141,0.464,1.341,1728.7,24.36,16.09,1
B105142,0.524,0.502,1563.9,10.24,20.2,1
B105143,0.351,1.304,1692.2,27.58,9.89,0
B105144,0.509,1.256,1556.5,22.7,3.65,0
B105145,0.415,1.169,1619.4,10.72,25.05,1
B105146,0.385,0.692,1640.3,20.33,14.96,0
B105147,0.375,1.003,1571.9,26.21,17.95,0
B105148,0.49,0.517,1604.8,12.72,18.94,0
B105149,0.439,1.173,1650.1,28.27,12.99,0
B105150,0.673,0.878,1560.9,10.92,16.36,0
B105151,0.298,0.777,1691.8,15.25,24.56,0
B105152,0.462,0.533,1523.8,14.34,14.81,0
B105153,0.336,0.157,1706.7,28.26,20.65,1
B105154,0.296,0.588,1655.1,17.05,3.05,0
B105155,0.399,1.234,1595.1,13.02,21.74,0
B105156,0.416,0.779,1577.9,22.67,5.87,0
B105157,0.75,0.849,1572.1,23.97,21.06,0
B105158,0.378,1.097,1592.5,24.01,17.34,0
B105159,0.264,1.442,1597.3,18.37,14.42,0
B105160,0.433,1.298,1669.0,21.53,14.4,0
B105161,0.151,0.608,1708.3,16.1,13.48,0
B105162,0.389,0.317,1611.0,30.05,10.08,0
B105163,0.402,1.608,1553.5,26.87,13.76,0
B105164,0.495,1.581,1570.0,26.5,28.25,0
B105165,0.517,0.957,1589.9,24.76,22.81,1
B105166,0.34,0.519,1543.3,23.12,9.77,1
B105167,0.382,1.189,1535.2,12.53,16.61,0
B105168,0.308,0.868,1715.3,23.8,15.58,0
B105169,0.265,0.866,1616.6,20.69,14.15,0
B105170,0.437,1.168,1554.2,27.58,8.98,0
B105171,0.247,1.0,1644.9,24.84,17.68,0
B105172,0.35,0.544,1535.2,23.3,20.08,0
B105173,0.281,0.803,1539.7,9.89,10.0,0
B105174,0.466,1.098,1555.8,19.47,26.73,1
B105175,0.616,1.053,1691.0,16.65,24.13,0
B105176,0.244,0.979,1586.1,21.51,18.29,0
B105177,0.178,1.18,1465.7,17.51,7.61,1
B105178,0.385,0.791,1666.6,18.34,17.41,0
B105179,0.402,0.954,1583.1,22.75,16.69,0
B105180,0.426,0.1,1498.3,17.41,18.08,1
B105181,0.346,0.765,1582.6,20.73,24.54,0
B105182,0.376,1.129,1628.7,10.88,13.94,1
B105183,0.444,0.783,1622.2,15.01,27.29,0
B105184,0.525,0.76,1698.9,23.94,17.44,0
B105185,0.165,0.588,1553.1,12.62,13.26,0
B105186,0.356,1.201,1602.6,27.47,29.4,0
B105187,0.426,1.065,1561.5,25.85,19.98,0
B105188,0.29,1.148,1515.2,18.39,12.27,0
B105189,0.608,0.382,1648.7,37.99,15.51,0
B105190,0.324,0.852,1625.5,27.46,18.81,0
B105191,0.395,0.816,1615.6,14.3,14.09,0
B105192,0.467,0.816,1623.5,24.48,15.8,0
B105193,0.329,0.715,1562.3,20.4,10.1,0
B105194,0.178,0.796,1544.7,15.34,4.89,1
B105195,0.349,1.155,1602.1,13.58,15.64,0
B105196,0.524,0.326,1663.9,25.97,15.84,1
B105197,0.36,1.433,1688.4,16.41,18.16,1
B105198,0.298,1.045,1643.7,19.39,11.54,0
B105199,0.511,0.887,1601.6,14.47,6.96,1
B105200,0.36,1.172,1614.8,15.51,9.21,0
B105201,0.339,0.464,1600.6,19.24,21.33,1
B105202,0.418,0.701,1543.6,22.33,11.0,0
B105203,0.492,0.864,1601.4,5.0,12.35,1
B105204,0.686,1.31,1526.6,20.1,13.13,1
B105205,0.499,0.886,1593.2,15.52,11.28,0
B105206,0.539,1.035,1690.0,28.41,10.84,0
B105207,0.339,0.723,1645.3,37.66,9.77,0
B105208,0.277,1.046,1549.2,17.84,23.4,1
B105209,0.407,1.403,1596.0,9.67,19.08,0
B105210,0.413,1.199,1554.1,20.7,22.49,0
B105211,0.271,0.876,1596.6,18.77,23.7,0
B105212,0.379,1.103,1657.3,31.83,2.0,1
B105213,0.448,1.073,1635.9,30.0,17.06,0
B105214,0.443,1.052,1736.6,25.19,11.48,1
B105215,0.461,1.234,1665.6,16.48,21.7,0
B105216,0.435,1.231,1611.2,24.07,10.55,0
B105217,0.339,0.862,1637.2,21.59,8.68,0
B105218,0.338,1.093,1588.9,21.45,6.4,1
B105219,0.256,0.785,1538.0,10.65,13.18,0
B105220,0.614,0.623,1671.8,26.37,20.49,0
B105221,0.402,0.819,1655.5,20.65,16.54,0
B105222,0.373,0.877,1586.7,19.39,7.78,0
B105223,0.289,0.402,1615.1,16.4,27.92,0
B105224,0.752,1.158,1668.3,15.24,18.9,0
B105225,0.271,0.1,1646.5,21.9,19.66,1
B105226,0.349,1.714,1519.5,9.51,22.71,1
B105227,0.45,1.351,1613.4,24.74,5.16,0
B105228,0.472,0.822,1590.8,13.68,9.53,0
B105229,0.515,0.903,1661.2,7.65,19.94,0
B105230,0.617,0.991,1656.7,30.93,10.14,0
B105231,0.461,0.723,1672.5,14.85,13.35,1
B105232,0.273,0.958,1538.5,15.67,14.53,0
B105233,0.369,0.857,1556.9,26.81,7.34,0
B105234,0.437,0.872,1661.3,31.13,12.84,0
B105235,0.648,0.954,1567.5,10.8,20.49,0
B105236,0.232,0.506,1516.3,14.26,19.38,0
B105237,0.544,0.912,1629.3,14.7,21.68,0
B105238,0.422,0.949,1569.9,25.61,21.06,1
B105239,0.501,0.939,1698.4,29.83,17.44,0
B105240,0.388,0.835,1616.3,13.52,16.96,0
B105241,0.299,1.241,1608.8,28.49,16.52,0
B105242,0.49,0.794,1579.7,15.75,11.24,0
B105243,0.479,0.968,1687.5,22.02,8.82,0
B105244,0.517,1.289,1619.7,12.37,10.86,1
B105245,0.398,0.876,1577.5,19.27,13.04,0
B105246,0.328,0.964,1556.3,19.33,11.07,1
B105247,0.213,0.871,1596.0,18.11,17.48,0
B105248,0.498,1.271,1546.2,22.31,16.21,0
B105249,0.451,0.823,1656.6,13.96,16.86,1
B105250,0.284,1.285,1500.5,14.7,17.11,0
B105251,0.335,0.869,1592.3,22.63,22.17,0
B105252,0.344,0.642,1633.6,28.05,14.95,0
B105253,0.222,1.104,1618.8,19.86,21.05,0
B105254,0.302,0.809,1560.5,23.02,18.1,0
B105255,0.264,1.086,1636.3,24.55,21.78,0
B105256,0.351,0.1,1551.3,24.98,24.69,0
B105257,0.311,0.902,1598.8,14.28,18.46,0
B105258,0.205,0.762,1635.9,15.34,15.62,0
B105259,0.643,0.581,1625.5,15.86,15.58,0
B105260,0.55,0.734,1562.9,31.57,12.18,0
B105261,0.307,0.728,1665.9,23.05,11.98,0
B105262,0.433,0.886,1604.8,22.78,20.41,0
B105263,0.45,0.49,1640.9,22.2,9.22,0
B105264,0.543,0.995,1684.1,12.08,24.69,0
B105265,0.302,1.31,1661.5,31.63,14.09,1
B105266,0.531,0.984,1661.6,22.88,32.17,1
B105267,0.334,1.143,1610.6,24.34,10.84,0
B105268,0.24,1.228,1643.7,9.41,16.5,0
B105269,0.487,1.271,1611.7,24.68,12.89,1
B105270,0.555,1.461,1533.5,17.86,10.24,0
B105271,0.711,0.75,1616.7,12.06,21.38,0
B105272,0.256,0.684,1614.1,14.28,8.37,0
B105273,0.484,1.135,1632.1,12.41,10.94,0
B105274,0.351,1.112,1593.0,12.31,18.52,0
B105275,0.494,1.133,1558.1,20.36,19.47,0
B105276,0.224,1.467,1636.1,17.68,6.65,0
B105277,0.248,0.903,1527.8,22.0,18.49,0
B105278,0.307,1.028,1680.2,30.06,15.77,0
B105279,0.409,0.606,1587.3,19.22,9.49,0
B105280,0.323,1.541,1613.5,6.53,10.27,1
B105281,0.479,0.799,1630.7,18.55,2.8,0
B105282,0.523,0.808,1632.5,27.16,25.3,0
B105283,0.472,0.796,1522.5,19.48,21.09,0
B105284,0.594,0.707,1645.3,29.18,7.27,0
B105285,0.45,0.681,1616.7,22.72,19.79,0
B105286,0.254,0.743,1565.1,8.97,11.56,0
B105287,0.564,0.49,1558.8,20.66,20.49,0
B105288,0.327,0.664,1581.6,21.78,12.02,0
B105289,0.509,1.485,1528.6,26.48,12.82,0
B105290,0.589,1.121,1694.7,30.92,13.27,0
B105291,0.455,1.178,1681.7,25.45,11.06,1
B105292,0.22,1.253,1624.8,22.64,23.4,0
B105293,0.29,1.45,1587.7,24.06,20.39,0
B105294,0.559,0.369,1589.2,18.99,15.66,0
B105295,0.38,0.531,1641.7,11.22,21.15,0
B105296,0.41,0.659,1696.7,20.25,5.24,0
B105297,0.491,0.759,1568.6,22.19,7.63,0
B105298,0.484,0.81,1538.5,12.78,17.85,0
B105299,0.433,0.766,1685.1,27.96,19.41,0
B105300,0.375,0.966,1501.7,26.03,16.68,1
B105301,0.362,0.911,1544.5,11.77,3.7,0
B105302,0.503,0.683,1586.4,28.19,8.63,0
B105303,0.466,0.247,1514.2,18.15,17.5,0
B105304,0.369,0.602,1661.2,15.33,29.56,1
B105305,0.53,0.735,1647.1,26.48,22.31,1
B105306,0.385,0.826,1568.4,19.69,24.46,0
B105307,0.298,0.561,1670.4,31.4,17.04,0
B105308,0.309,0.753,1679.7,14.88,16.99,1
B105309,0.283,0.561,1593.8,9.61,8.8,1
B105310,0.367,0.862,1575.2,18.32,20.71,0
B105311,0.548,0.578,1724.3,24.74,14.56,1
B105312,0.303,0.645,1639.7,14.44,19.16,0
B105313,0.423,0.507,1614.1,12.02,15.18,0
B105314,0.321,0.854,1675.0,21.37,16.67,0
B105315,0.369,0.64,1616.6,11.22,14.47,0
B105316,0.219,1.172,1572.2,21.84,16.35,1
B105317,0.374,1.022,1604.4,17.96,21.0,0
B105318,0.377,0.879,1657.1,22.97,7.4,0
B105319,0.465,0.661,1490.4,11.7,6.04,1
B105320,0.427,1.014,1584.2,27.79,17.56,0
B105321,0.256,1.107,1676.1,18.9,23.64,0
B105322,0.53,0.943,1571.8,24.58,25.16,1
B105323,0.425,1.381,1685.0,25.76,7.65,1
B105324,0.424,1.038,1677.8,13.06,12.58,0
B105325,0.399,1.174,1596.4,25.29,6.12,0
B105326,0.338,0.94,1568.7,11.45,11.7,0
B105327,0.426,1.103,1584.2,11.78,21.74,0
B105328,0.457,0.661,1746.6,31.78,14.92,1
B105329,0.19,0.762,1703.1,26.67,12.76,1
B105330,0.335,1.005,1606.9,32.44,18.27,0
B105331,0.369,1.003,1566.6,17.78,10.23,0
B105332,0.431,1.052,1606.4,20.61,24.56,0
B105333,0.543,1.23,1613.4,23.16,15.04,0
B105334,0.307,0.473,1531.6,19.93,12.59,0
B105335,0.34,0.608,1604.4,15.52,18.52,0
B105336,0.338,0.969,1672.7,14.62,20.64,0
B105337,0.304,0.683,1501.0,21.28,24.58,0
B105338,0.358,1.913,1645.5,13.6,13.74,0
B105339,0.492,1.055,1675.6,13.43,21.52,0
B105340,0.274,0.877,1569.2,22.36,15.61,0
B105341,0.451,0.745,1693.2,19.43,11.33,0
B105342,0.196,0.756,1562.0,25.62,10.34,0
B105343,0.333,0.909,1624.3,17.45,8.42,0
B105344,0.36,0.934,1583.1,16.51,10.55,0
B105345,0.601,0.763,1583.1,22.54,21.69,0
B105346,0.367,0.818,1566.0,15.13,19.24,0
B105347,0.136,1.303,1638.4,16.05,7.55,1
B105348,0.16,1.315,1646.7,16.29,4.52,1
B105349,0.404,0.976,1596.5,18.74,8.33,0
B105350,0.474,0.498,1525.2,30.63,10.34,0
B105351,0.445,1.062,1622.2,11.74,13.18,1
B105352,0.42,1.366,1623.2,27.77,22.04,1
B105353,0.539,1.311,1588.1,24.43,11.71,0
B105354,0.335,1.12,1702.7,29.4,25.08,1
B105355,0.507,1.327,1514.0,38.82,4.92,1
B105356,0.204,0.916,1478.0,28.59,12.91,1
B105357,0.291,1.088,1559.8,25.55,19.71,0
B105358,0.183,0.696,1639.1,12.13,20.08,0
B105359,0.367,0.988,1541.9,12.88,12.99,1
B105360,0.394,1.299,1546.0,22.16,21.01,0
B105361,0.414,0.723,1652.3,9.81,19.87,1
B105362,0.407,0.642,1625.4,23.69,10.91,0
B105363,0.289,0.929,1620.7,7.19,16.89,0
B105364,0.377,0.832,1643.0,26.91,19.22,0
B105365,0.22,1.095,1576.6,18.07,11.34,0
B105366,0.564,0.764,1579.2,20.76,25.17,0
B105367,0.364,1.416,1644.5,15.51,9.99,1
B105368,0.341,0.513,1526.0,8.61,15.86,0
B105369,0.591,1.276,1482.2,27.41,7.5,1
B105370,0.251,0.671,1576.2,28.01,15.62,0
B105371,0.265,0.361,1651.2,17.89,8.6,0
B105372,0.268,0.971,1614.1,23.97,13.24,1
B105373,0.392,0.824,1647.2,17.65,5.48,0
B105374,0.452,0.567,1489.1,21.73,19.8,1
B105375,0.489,0.396,1617.4,24.55,17.14,0
B105376,0.709,0.897,1636.0,23.33,21.52,1
B105377,0.13,1.193,1525.7,28.05,12.91,0
B105378,0.473,1.075,1647.4,23.11,21.8,0
B105379,0.333,0.917,1593.9,20.17,15.24,0
B105380,0.33,1.044,1750.0,15.43,15.68,1
B105381,0.326,0.892,1480.3,17.13,27.68,1
B105382,0.291,0.471,1675.3,24.86,12.09,0
B105383,0.602,0.474,1578.3,10.99,22.36,0
B105384,0.501,0.839,1511.1,26.63,17.88,1
B105385,0.403,0.852,1571.0,18.31,11.57,0
B105386,0.562,1.155,1615.3,15.09,7.11,0
B105387,0.218,1.127,1657.1,13.41,8.8,0
B105388,0.24,1.082,1694.7,24.05,21.78,0
B105389,0.139,0.816,1678.2,19.91,25.41,0
B105390,0.316,0.486,1546.9,29.53,15.55,1
B105391,0.419,1.024,1662.2,12.42,15.86,0
B105392,0.412,1.058,1621.5,16.53,19.66,0
B105393,0.418,0.183,1564.0,19.45,15.44,0
B105394,0.231,0.65,1588.3,15.49,21.6,0
B105395,0.496,0.693,1561.0,20.04,16.75,0
B105396,0.429,0.936,1602.0,21.92,15.81,0
B105397,0.488,0.659,1559.9,22.91,10.8,1
B105398,0.173,0.889,1543.5,29.04,9.33,0
B105399,0.437,0.837,1626.4,12.18,2.0,0
B105400,0.257,0.852,1634.6,22.03,22.4,0
B105401,0.352,0.685,1589.7,16.12,14.12,0
B105402,0.464,0.708,1675.2,22.58,12.6,0
B105403,0.411,0.576,1585.7,22.59,3.29,0
B105404,0.298,1.014,1583.3,14.08,11.16,0
B105405,0.401,1.071,1636.3,14.59,10.37,0
B105406,0.216,0.669,1592.7,23.07,10.23,0
B105407,0.538,1.356,1604.7,20.14,17.0,0
B105408,0.375,0.806,1461.4,18.68,15.73,0
B105409,0.534,1.359,1600.9,23.95,6.83,0
B105410,0.337,0.707,1499.5,24.39,7.21,1
B105411,0.337,0.292,1532.8,16.82,7.2,0
B105412,0.308,1.021,1526.6,14.89,25.86,0
B105413,0.505,0.975,1542.7,12.43,23.96,0
B105414,0.315,0.91,1569.8,20.2,9.89,0
B105415,0.477,0.707,1573.2,11.46,3.14,0
B105416,0.354,0.89,1636.5,20.6,15.77,0
B105417,0.163,0.747,1612.2,27.3,15.28,0
B105418,0.332,0.809,1495.4,17.88,16.9,1
B105419,0.259,1.152,1604.6,16.78,19.45,0
B105420,0.404,0.955,1617.5,31.99,17.71,0
B105421,0.257,1.083,1581.9,29.06,8.3,0
B105422,0.511,0.83,1596.7,15.41,16.76,0
B105423,0.389,0.797,1610.5,20.83,20.12,0
B105424,0.379,0.554,1642.1,21.97,10.66,0
B105425,0.479,0.789,1513.4,21.22,16.8,0
B105426,0.516,0.1,1586.6,30.89,11.68,0
B105427,0.398,0.723,1683.0,20.52,26.98,1
B105428,0.307,0.875,1677.9,21.42,7.04,0
B105429,0.187,1.069,1646.8,24.13,21.94,0
B105430,0.318,0.819,1629.5,27.14,4.98,1
B105431,0.326,1.004,1691.0,25.62,25.76,0
B105432,0.413,0.246,1705.5,23.23,8.15,1
B105433,0.359,0.883,1592.9,10.65,16.14,0
B105434,0.483,0.396,1546.7,17.07,5.22,0
B105435,0.326,0.538,1585.1,24.92,6.9,0
B105436,0.393,0.844,1750.0,21.5,20.39,1
B105437,0.542,1.283,1513.7,24.96,21.17,0
B105438,0.441,1.011,1574.1,31.32,16.44,0
B105439,0.393,0.905,1522.3,12.94,19.45,0
B105440,0.328,0.894,1606.9,26.83,21.27,0
B105441,0.324,0.686,1533.9,18.02,10.89,0
B105442,0.298,0.737,1594.0,25.61,6.61,0
B105443,0.335,1.028,1492.7,19.75,14.92,0
B105444,0.491,0.484,1634.0,32.76,11.54,0
B105445,0.373,1.078,1667.2,20.78,17.33,0
B105446,0.238,0.783,1578.9,16.16,18.29,0
B105447,0.612,1.148,1592.6,22.52,10.91,0
B105448,0.438,1.188,1591.0,21.94,19.22,0
B105449,0.231,0.398,1610.0,26.83,18.92,0
B105450,0.347,0.726,1597.9,22.69,19.34,0
B105451,0.413,0.643,1642.2,34.85,12.55,0
B105452,0.605,0.356,1667.8,19.33,19.68,1
B105453,0.267,0.59,1555.2,19.4,18.12,0
B105454,0.517,1.632,1583.0,16.38,18.84,0
B105455,0.568,1.083,1649.6,20.51,25.07,1
B105456,0.325,1.475,1521.8,21.39,16.97,0
B105457,0.367,1.149,1491.6,21.69,11.36,1
B105458,0.276,0.677,1612.4,20.4,8.34,1
B105459,0.376,0.785,1627.3,16.34,21.77,0
B105460,0.396,1.077,1560.3,14.71,17.14,0
B105461,0.479,1.031,1568.2,17.75,25.02,1
B105462,0.531,0.727,1558.2,26.85,2.82,0
B105463,0.31,0.447,1552.3,28.14,20.46,1
B105464,0.164,1.886,1638.1,19.54,13.43,0
B105465,0.397,0.858,1535.1,14.35,12.88,0
B105466,0.435,0.802,1585.4,19.51,10.41,0
B105467,0.43,0.934,1550.2,32.55,20.4,1
B105468,0.361,0.827,1520.0,25.99,18.68,1
B105469,0.415,0.937,1647.9,23.3,8.15,0
B105470,0.582,1.286,1571.4,25.78,15.99,1
B105471,0.446,0.863,1610.4,29.24,19.24,0
B105472,0.355,0.551,1517.1,13.08,16.07,0
B105473,0.34,0.852,1559.2,17.65,21.65,0
B105474,0.38,0.761,1641.6,16.83,13.26,0
B105475,0.596,1.327,1742.3,23.52,2.0,1
B105476,0.378,1.251,1491.3,20.96,16.12,1
B105477,0.398,0.932,1588.9,24.54,16.08,0
B105478,0.342,0.516,1622.7,16.96,16.87,0
B105479,0.532,0.532,1566.1,28.23,21.64,0
B105480,0.635,0.905,1646.7,19.58,3.29,0
B105481,0.454,1.001,1552.3,24.17,13.57,1
B105482,0.41,0.788,1608.5,27.17,9.46,0
B105483,0.404,0.756,1571.3,26.69,7.75,0
B105484,0.114,0.722,1667.1,22.16,14.57,1
B105485,0.489,0.893,1562.8,24.92,19.21,0
B105486,0.416,0.185,1580.6,30.45,16.81,0
B105487,0.451,0.57,1652.0,23.08,10.87,0
B105488,0.315,0.712,1543.5,15.62,14.13,0
B105489,0.354,1.262,1603.8,23.5,20.58,0
B105490,0.351,0.656,1499.8,19.78,19.1,1
B105491,0.523,0.954,1540.2,5.91,11.68,0
B105492,0.355,0.968,1621.0,22.77,11.3,0
B105493,0.65,1.289,1545.5,20.7,4.7,1
B105494,0.452,1.279,1570.0,26.94,12.42,0
B105495,0.247,0.883,1627.1,15.5,4.59,0
B105496,0.385,0.757,1568.1,10.97,27.4,0
B105497,0.322,0.701,1645.3,21.01,9.87,0
B105498,0.137,0.828,1611.9,22.28,21.65,0
B105499,0.592,0.77,1624.0,20.56,25.91,1
B105500,0.484,1.066,1668.3,20.12,16.3,0
B105501,0.464,1.026,1617.6,13.59,14.4,0
B105502,0.42,1.078,1684.6,19.17,7.07,1
B105503,0.234,1.278,1650.1,17.91,11.97,0
B105504,0.342,1.459,1571.2,26.44,24.62,0
B105505,0.501,0.937,1671.1,22.28,17.11,0
B105506,0.274,1.23,1614.5,18.33,15.17,0
B105507,0.096,0.795,1578.3,30.34,22.87,0
B105508,0.373,1.256,1615.3,18.39,19.18,1
B105509,0.383,1.218,1661.2,23.35,14.11,0
B105510,0.416,1.203,1625.0,19.0,16.3,0
B105511,0.487,0.928,1700.2,29.79,10.39,0
B105512,0.477,0.699,1659.8,20.52,11.63,0
B105513,0.431,0.482,1628.8,20.7,13.76,0
B105514,0.543,0.888,1543.6,19.16,18.34,1
B105515,0.218,1.36,1590.1,21.18,7.52,0
B105516,0.461,0.807,1603.9,27.2,15.46,0
B105517,0.475,1.136,1638.3,25.08,12.66,0
B105518,0.251,1.153,1635.1,20.17,9.59,0
B105519,0.22,0.815,1609.3,30.21,12.69,0
B105520,0.31,1.295,1606.6,25.24,2.0,0
B105521,0.321,0.1,1639.6,17.37,10.45,1
B105522,0.49,0.533,1552.8,11.72,8.4,0
B105523,0.326,0.625,1693.3,17.51,13.32,0
B105524,0.297,0.654,1487.4,22.48,2.0,1
B105525,0.327,1.001,1680.0,23.58,16.15,0
B105526,0.534,0.987,1597.5,28.15,20.46,1
B105527,0.402,1.018,1655.1,13.43,14.3,0
B105528,0.378,1.079,1620.0,17.37,17.99,0
B105529,0.387,0.615,1619.0,12.93,11.92,0
B105530,0.555,0.535,1630.5,11.97,5.67,0
B105531,0.31,1.019,1644.5,16.23,15.01,0
B105532,0.558,0.711,1581.9,22.2,19.08,0
B105533,0.425,0.429,1656.9,24.63,7.05,0
B105534,0.381,1.191,1540.4,14.31,12.21,1
B105535,0.7,1.319,1599.7,15.14,13.52,0
B105536,0.273,1.367,1646.0,9.32,32.11,0
B105537,0.358,0.956,1654.7,21.29,16.34,0
B105538,0.252,1.088,1625.3,15.61,3.57,0
B105539,0.514,1.311,1578.4,29.98,2.08,0
B105540,0.603,0.708,1649.3,22.46,19.38,1
B105541,0.6,1.233,1563.2,18.97,29.91,0
B105542,0.547,0.983,1696.3,16.15,13.31,0
B105543,0.376,1.174,1595.3,11.03,12.96,0
B105544,0.356,0.956,1515.3,11.79,17.58,0
B105545,0.199,1.289,1534.3,16.27,10.21,0
B105546,0.644,0.967,1602.4,15.81,2.0,0
B105547,0.456,0.455,1607.7,14.0,21.22,1
B105548,0.341,1.336,1708.3,22.26,11.32,0
B105549,0.559,0.616,1542.9,23.09,21.3,0
B105550,0.283,1.276,1602.2,17.25,10.43,0
B105551,0.449,0.873,1541.7,31.61,15.73,0
B105552,0.379,1.253,1572.9,9.52,20.13,0
B105553,0.477,1.24,1692.6,20.35,21.42,1
B105554,0.392,1.029,1537.5,18.69,16.4,1
B105555,0.226,1.053,1632.3,16.7,16.1,1
B105556,0.409,1.027,1621.6,15.81,18.72,0
B105557,0.526,0.296,1598.7,19.96,17.79,0
B105558,0.396,0.935,1628.6,18.65,7.25,1
B105559,0.493,0.565,1536.2,17.65,7.37,0
B105560,0.275,0.951,1691.1,12.21,2.35,0
B105561,0.397,0.557,1705.9,10.29,19.6,1
B105562,0.325,0.545,1602.6,18.27,12.63,1
B105563,0.49,1.381,1733.3,17.59,19.92,1
B105564,0.404,1.221,1578.1,18.82,17.42,0
B105565,0.483,0.899,1622.0,19.35,8.99,0
B105566,0.531,0.955,1678.8,16.86,14.28,1
B105567,0.483,0.826,1574.8,18.73,12.27,0
B105568,0.433,1.071,1524.0,14.88,11.34,0
B105569,0.28,0.697,1511.4,29.14,20.49,1
B105570,0.4,1.198,1713.3,15.2,30.06,0
B105571,0.336,0.824,1570.9,17.77,21.7,0
B105572,0.359,0.774,1589.8,15.66,14.84,0
B105573,0.355,0.907,1538.8,15.56,22.56,1
B105574,0.282,0.723,1652.2,20.15,25.28,0
B105575,0.165,0.999,1557.0,19.39,6.65,0
B105576,0.32,0.739,1573.0,17.24,22.35,0
B105577,0.423,1.041,1616.5,18.3,19.62,0
B105578,0.238,1.265,1541.5,15.68,22.13,0
B105579,0.402,0.684,1590.2,22.41,19.88,0
B105580,0.628,0.861,1677.1,32.33,13.63,1
B105581,0.523,1.038,1623.6,14.75,27.2,0
B105582,0.597,0.769,1607.2,22.36,17.04,0
B105583,0.447,1.039,1611.8,20.27,12.39,0
B105584,0.54,1.067,1578.6,24.01,18.04,0
B105585,0.313,1.225,1709.8,24.18,20.83,0
B105586,0.323,0.718,1555.3,21.23,15.57,0
B105587,0.071,0.617,1611.6,19.76,17.36,1
B105588,0.542,0.808,1606.3,17.39,15.53,0
B105589,0.585,0.61,1655.5,15.41,11.04,1
B105590,0.334,1.069,1660.7,19.42,10.07,0
B105591,0.37,0.551,1598.2,12.29,6.58,1
B105592,0.31,1.6,1616.0,16.44,24.11,0
B105593,0.446,1.289,1618.1,26.64,13.66,0
B105594,0.535,0.904,1475.0,20.59,2.0,1
B105595,0.191,1.16,1512.6,25.36,17.38,1
B105596,0.449,0.409,1566.7,28.82,17.25,1
B105597,0.367,1.657,1569.1,18.94,3.8,0
B105598,0.414,0.723,1534.0,21.24,10.01,0
B105599,0.455,0.864,1641.2,18.19,9.74,0
B105600,0.377,0.343,1600.1,15.12,10.55,0
B105601,0.388,1.046,1588.2,14.28,22.28,0
B105602,0.374,0.568,1530.9,25.06,14.11,0
B105603,0.516,0.93,1597.6,21.25,12.44,0
B105604,0.45,0.737,1455.5,31.08,21.73,1
B105605,0.426,0.577,1591.0,25.83,17.97,0
B105606,0.247,0.659,1603.5,15.61,4.55,0
B105607,0.355,0.968,1613.3,25.04,11.3,0
B105608,0.508,0.516,1514.0,18.17,16.93,0
B105609,0.405,0.675,1612.4,27.3,9.4,0
B105610,0.479,1.099,1542.7,17.08,27.18,0
B105611,0.612,1.681,1555.3,13.69,15.68,0
B105612,0.525,1.043,1639.5,15.23,10.48,0
B105613,0.411,0.625,1710.8,15.53,8.26,1
B105614,0.339,0.79,1602.8,14.96,20.57,0
B105615,0.094,0.909,1555.1,16.56,11.11,1
B105616,0.38,0.795,1610.4,25.14,17.28,0
B105617,0.361,1.171,1651.6,30.78,8.09,0
B105618,0.447,0.965,1634.2,12.02,15.42,0
B105619,0.382,1.172,1750.0,27.58,11.18,1
B105620,0.362,0.806,1560.7,17.13,13.11,1
B105621,0.186,1.298,1613.9,22.09,10.22,0
B105622,0.287,0.85,1685.2,10.08,21.15,1
B105623,0.457,0.609,1681.7,23.14,12.05,0
B105624,0.606,1.553,1492.7,7.97,14.14,1
B105625,0.388,0.353,1599.8,21.88,14.43,0
B105626,0.439,0.678,1681.6,21.54,24.67,0
B105627,0.514,0.712,1750.0,21.15,20.34,1
B105628,0.303,1.652,1638.7,15.59,19.74,1
B105629,0.444,1.442,1579.8,23.3,5.53,0
B105630,0.311,1.348,1544.5,22.35,11.06,0
B105631,0.504,0.801,1722.0,18.74,22.13,0
B105632,0.418,1.628,1640.1,24.03,7.97,0
B105633,0.436,1.011,1553.4,19.43,15.5,0
B105634,0.306,1.193,1588.8,23.17,8.61,0
B105635,0.485,0.954,1617.1,19.24,9.21,0
B105636,0.65,0.885,1629.9,21.3,25.08,1
B105637,0.279,0.824,1550.5,23.45,19.32,1
B105638,0.359,0.837,1566.2,17.61,20.9,1
B105639,0.428,1.083,1509.1,12.6,19.7,0
B105640,0.494,1.01,1657.2,21.66,14.16,1
B105641,0.333,0.891,1581.2,27.14,10.85,0
B105642,0.06,1.353,1625.6,21.79,12.59,0
B105643,0.563,0.1,1678.2,21.91,13.85,0
B105644,0.491,1.053,1612.1,19.75,25.66,0
B105645,0.191,1.115,1593.8,24.43,6.98,0
B105646,0.327,1.244,1610.7,18.88,11.68,0
B105647,0.588,0.881,1603.5,17.28,9.52,0
B105648,0.574,0.962,1668.5,26.63,21.34,0
B105649,0.513,1.196,1617.1,16.82,26.12,1
B105650,0.379,1.347,1570.1,25.34,16.85,0
B105651,0.41,0.81,1657.6,26.64,17.35,1
B105652,0.384,0.98,1667.7,23.4,15.55,0
B105653,0.535,1.404,1526.4,12.5,17.62,1
B105654,0.295,0.263,1684.3,20.16,19.64,1
B105655,0.303,0.693,1620.1,18.79,17.55,0
B105656,0.521,1.34,1615.6,17.02,17.99,0
B105657,0.395,1.228,1655.4,20.86,19.65,1
B105658,0.565,1.057,1568.8,24.62,4.33,0
B105659,0.319,0.765,1652.5,17.25,15.01,0
B105660,0.393,0.635,1579.3,18.97,16.83,0
B105661,0.289,0.723,1518.9,18.55,17.5,0
B105662,0.401,1.364,1545.1,26.98,13.97,0
B105663,0.223,0.711,1631.2,18.46,15.96,0
B105664,0.341,0.93,1548.0,12.59,10.68,0
B105665,0.228,0.674,1688.6,10.56,4.35,0
B105666,0.483,1.153,1665.4,22.18,20.9,0
B105667,0.486,0.738,1673.3,15.44,8.19,0
B105668,0.192,0.871,1606.9,24.01,14.04,0
B105669,0.56,0.395,1614.2,12.01,10.51,0
B105670,0.7,0.416,1534.3,16.77,24.52,0
B105671,0.406,0.902,1654.8,12.02,14.52,1
B105672,0.323,0.502,1620.9,22.61,13.14,0
B105673,0.739,1.532,1631.2,23.89,19.49,0
B105674,0.242,0.282,1692.9,22.03,27.94,1
B105675,0.402,0.66,1566.7,13.48,17.43,1
B105676,0.422,0.905,1593.1,15.53,12.74,0
B105677,0.561,0.79,1618.0,21.41,19.18,0
B105678,0.443,0.569,1548.6,9.87,5.56,0
B105679,0.34,0.613,1589.7,18.55,15.28,0
B105680,0.286,0.603,1627.1,29.1,26.96,0
B105681,0.359,0.814,1582.1,18.92,15.95,1
B105682,0.279,1.486,1672.0,11.07,15.65,0
B105683,0.406,0.923,1516.9,16.36,15.12,0
B105684,0.332,1.255,1661.8,16.22,12.63,1
B105685,0.221,1.052,1636.4,32.84,16.89,0
B105686,0.551,1.234,1568.7,29.99,19.65,1
B105687,0.34,0.1,1549.2,24.39,13.01,0
B105688,0.248,0.809,1485.6,17.94,2.0,1
B105689,0.38,1.292,1556.3,27.2,17.79,1
B105690,0.408,0.728,1657.6,13.2,27.8,0
B105691,0.19,1.429,1596.9,26.46,12.74,0
B105692,0.44,1.345,1664.0,25.57,6.17,0
B105693,0.274,0.759,1565.9,19.09,19.06,0
B105694,0.605,0.749,1638.9,26.84,25.46,0
B105695,0.463,0.596,1560.5,17.32,18.18,0
B105696,0.352,0.711,1546.9,12.41,25.35,0
B105697,0.311,0.53,1594.1,25.87,19.76,1
B105698,0.387,1.029,1563.4,19.49,19.24,0
B105699,0.474,0.463,1515.1,23.61,11.89,1
B105700,0.397,1.081,1590.0,30.93,16.71,0
B105701,0.374,1.088,1605.9,15.67,14.82,0
B105702,0.407,0.402,1669.8,19.14,14.62,0
B105703,0.328,1.365,1651.5,29.42,13.48,0
B105704,0.359,1.054,1667.1,24.01,16.35,1
B105705,0.15,1.125,1639.6,15.8,7.22,0
B105706,0.517,0.672,1618.3,14.27,19.87,0
B105707,0.436,1.087,1532.4,16.83,9.73,0
B105708,0.307,1.238,1608.2,15.57,13.5,0
B105709,0.628,0.87,1632.8,21.42,16.98,0
B105710,0.41,1.501,1680.2,20.47,9.44,0
B105711,0.276,0.913,1637.7,21.68,3.2,0
B105712,0.503,1.242,1668.2,14.96,12.7,0
B105713,0.448,0.988,1543.2,19.57,6.41,0
B105714,0.447,1.076,1582.0,7.67,19.27,1
B105715,0.349,0.399,1623.6,20.87,8.08,0
B105716,0.454,1.011,1663.9,27.05,23.91,0
B105717,0.369,0.68,1592.0,11.45,14.97,1
B105718,0.467,0.646,1595.5,22.9,15.36,0
B105719,0.171,1.423,1637.8,16.33,3.12,1
B105720,0.348,0.836,1538.1,24.82,15.87,0
B105721,0.607,0.599,1688.4,20.95,14.52,0
B105722,0.308,0.792,1551.6,22.43,7.21,0
B105723,0.328,0.51,1494.5,20.39,15.52,1
B105724,0.346,1.33,1600.6,27.97,12.61,0
B105725,0.254,0.691,1693.4,22.08,13.7,1
B105726,0.135,1.059,1632.3,15.77,15.16,0
B105727,0.372,1.307,1641.3,20.59,12.17,0
B105728,0.416,0.75,1602.3,17.79,16.48,1
B105729,0.394,1.06,1591.6,20.97,14.48,0
B105730,0.383,0.591,1515.0,17.48,17.84,0
B105731,0.405,1.634,1475.7,15.94,11.83,1
B105732,0.523,1.181,1610.8,21.2,8.61,0
B105733,0.377,0.842,1672.2,20.33,10.75,0
B105734,0.331,0.668,1618.9,26.38,23.66,0
B105735,0.366,0.866,1634.3,17.51,20.74,1
B105736,0.47,0.798,1687.1,8.11,22.28,1
B105737,0.569,1.486,1618.1,17.82,22.7,1
B105738,0.325,0.532,1593.3,10.24,12.2,0
B105739,0.412,0.94,1555.0,22.49,16.77,0
B105740,0.441,0.894,1711.2,9.96,15.46,1
B105741,0.281,0.865,1629.0,14.07,18.96,0
B105742,0.402,0.867,1548.1,17.83,13.26,0
B105743,0.224,0.865,1535.6,29.26,15.56,0
B105744,0.188,1.162,1668.9,13.56,15.43,1
B105745,0.444,1.083,1542.9,20.07,18.19,0
B105746,0.354,1.026,1702.0,23.48,18.93,0
B105747,0.424,0.1,1450.0,28.9,15.56,1
B105748,0.398,0.99,1678.2,24.67,15.74,0
B105749,0.283,0.403,1626.8,26.56,16.36,0
B105750,0.395,1.094,1606.5,25.19,24.88,0
B105751,0.252,1.342,1590.3,12.75,4.62,0
B105752,0.567,0.622,1704.0,22.16,9.18,0
B105753,0.237,0.821,1638.9,25.09,19.04,1
B105754,0.377,0.72,1550.3,14.26,16.62,0
B105755,0.275,1.271,1505.5,16.52,16.58,1
B105756,0.468,0.929,1609.8,15.18,19.0,0
B105757,0.36,1.418,1599.9,24.64,16.28,0
B105758,0.338,1.024,1516.4,19.58,11.64,0
B105759,0.502,0.973,1597.0,18.07,18.77,0
B105760,0.404,0.92,1568.4,12.31,15.13,0
B105761,0.462,1.145,1600.5,19.6,12.31,0
B105762,0.282,0.379,1639.9,16.59,19.14,0
B105763,0.231,0.926,1682.1,21.46,18.91,0
B105764,0.413,0.879,1650.0,13.14,16.29,0
B105765,0.362,1.118,1560.3,21.07,25.3,0
B105766,0.475,0.844,1620.3,17.37,22.96,0
B105767,0.39,0.588,1603.5,12.5,21.01,1
B105768,0.425,0.902,1526.7,12.04,30.4,0
B105769,0.205,0.575,1621.9,12.94,14.12,1
B105770,0.627,0.322,1702.1,18.76,12.21,0
B105771,0.38,1.118,1601.8,20.73,20.16,0
B105772,0.484,1.074,1512.3,21.62,13.48,0
B105773,0.3,1.04,1601.7,21.85,15.07,0
B105774,0.437,1.291,1533.2,15.45,9.08,1
B105775,0.244,0.7,1647.5,26.35,18.64,0
B105776,0.454,0.471,1628.9,17.35,6.17,0
B105777,0.357,0.879,1590.6,22.7,14.42,0
B105778,0.404,0.796,1581.8,19.02,14.91,0
B105779,0.484,0.647,1588.3,22.25,12.38,0
B105780,0.252,0.876,1600.5,18.71,4.46,1
B105781,0.318,0.717,1557.5,22.36,4.41,1
B105782,0.455,0.349,1523.7,19.96,10.52,0
B105783,0.652,0.768,1662.6,24.88,18.23,0
B105784,0.383,0.559,1578.8,15.09,16.73,0
B105785,0.471,0.969,1609.2,9.38,14.9,0
B105786,0.387,0.703,1615.7,14.16,9.69,0
B105787,0.633,1.233,1617.7,26.41,17.05,1
B105788,0.19,1.381,1535.4,19.07,4.21,1
B105789,0.411,1.104,1507.8,20.55,2.0,1
B105790,0.205,0.435,1567.6,13.68,13.54,0
B105791,0.099,1.352,1621.8,20.39,11.72,0
B105792,0.436,1.373,1560.0,13.86,21.08,0
B105793,0.417,0.906,1580.5,14.75,15.95,0
B105794,0.366,1.297,1717.0,17.59,24.9,1
B105795,0.387,0.734,1498.5,22.67,11.71,0
B105796,0.772,0.34,1558.5,23.31,17.92,1
B105797,0.369,0.672,1704.3,23.47,13.49,0
B105798,0.461,1.419,1597.5,10.47,23.29,0
B105799,0.322,0.453,1561.2,19.96,13.78,0
B105800,0.435,0.9,1664.3,18.82,20.13,0
B105801,0.371,0.91,1603.0,10.81,8.53,0
B105802,0.351,0.746,1580.8,20.1,12.51,0
B105803,0.618,0.767,1610.6,18.5,14.5,0
B105804,0.541,0.922,1563.8,23.07,22.58,0
B105805,0.416,0.731,1544.0,20.49,2.0,0
B105806,0.123,0.473,1593.8,16.7,13.0,0
B105807,0.357,0.965,1544.4,25.55,12.8,1
B105808,0.724,1.222,1600.6,6.67,2.54,1
B105809,0.372,1.161,1619.5,19.61,12.22,0
B105810,0.532,0.657,1646.9,9.42,5.76,0
B105811,0.573,0.525,1662.0,14.53,2.0,0
B105812,0.426,0.815,1577.7,23.15,13.43,1
B105813,0.299,1.37,1627.5,12.35,13.22,0
B105814,0.108,1.094,1627.1,11.46,13.53,0
B105815,0.482,1.111,1618.0,34.29,16.52,0
B105816,0.302,1.167,1573.6,11.84,9.72,0
B105817,0.421,1.026,1543.5,29.9,25.75,0
B105818,0.25,0.936,1627.6,18.97,14.8,0
B105819,0.368,1.099,1506.1,16.85,22.72,0
B105820,0.404,0.736,1585.3,23.4,4.92,0
B105821,0.432,0.476,1459.6,28.02,9.99,1
B105822,0.266,1.117,1526.5,13.12,19.12,0
B105823,0.544,1.271,1551.8,16.94,13.64,0
B105824,0.328,0.565,1660.3,25.08,8.56,0
B105825,0.199,1.147,1637.8,21.73,3.97,0
B105826,0.387,1.404,1569.5,26.61,19.4,0
B105827,0.404,0.899,1640.1,23.09,18.91,0
B105828,0.419,0.655,1648.8,30.85,16.46,0
B105829,0.563,0.937,1591.2,21.07,12.02,1
B105830,0.372,0.735,1523.9,21.33,8.32,1
B105831,0.386,0.715,1588.6,21.93,14.68,0
B105832,0.268,1.03,1594.6,19.15,7.11,1
B105833,0.498,0.419,1532.2,25.09,10.49,0
B105834,0.422,0.467,1620.2,21.42,22.57,0
B105835,0.35,0.906,1615.4,24.73,3.89,0
B105836,0.171,0.893,1624.5,25.67,19.07,0
B105837,0.573,1.003,1615.3,22.57,23.97,0
B105838,0.253,1.463,1640.1,23.01,19.9,0
B105839,0.329,0.931,1590.1,13.94,17.39,0
B105840,0.443,1.079,1611.1,16.7,12.22,0
B105841,0.256,0.607,1578.1,25.06,11.12,0
B105842,0.221,1.13,1567.9,28.54,2.0,0
B105843,0.145,0.742,1673.6,8.36,15.22,1
B105844,0.487,0.921,1487.6,16.59,12.59,0
B105845,0.335,0.867,1648.2,20.14,10.81,0
B105846,0.751,1.21,1565.9,14.72,14.88,0
B105847,0.281,0.507,1558.7,15.06,15.37,0
B105848,0.289,0.215,1614.4,22.85,11.19,0
B105849,0.332,0.836,1518.1,29.49,24.68,1
B105850,0.429,1.041,1555.1,7.81,19.38,0
B105851,0.344,0.946,1553.3,18.98,20.38,1
B105852,0.473,1.27,1587.8,22.78,14.38,0
B105853,0.283,1.031,1555.8,24.68,18.07,1
B105854,0.234,0.731,1688.1,21.91,9.63,0
B105855,0.184,0.202,1698.8,30.57,19.0,0
B105856,0.133,0.829,1488.8,20.17,13.77,1
B105857,0.338,1.208,1629.9,27.87,8.87,0
B105858,0.364,0.782,1647.2,16.12,14.86,0
B105859,0.324,0.908,1629.9,20.35,13.25,0
B105860,0.549,1.026,1563.8,12.72,28.94,1
B105861,0.547,0.595,1586.6,25.41,17.61,1
B105862,0.36,1.087,1558.8,19.28,24.48,0
B105863,0.185,1.391,1576.9,22.15,21.79,1
B105864,0.332,0.848,1533.5,18.12,15.23,0
B105865,0.328,0.561,1593.7,23.52,12.34,0
B105866,0.321,0.88,1517.3,22.38,4.56,1
B105867,0.316,0.233,1589.0,14.03,9.77,0
B105868,0.322,1.001,1531.3,14.38,18.98,0
B105869,0.354,1.036,1611.4,19.83,13.19,1
B105870,0.324,1.403,1562.6,23.96,17.25,1
B105871,0.425,0.842,1616.0,31.18,2.82,0
B105872,0.443,1.023,1659.5,21.82,17.72,0
B105873,0.291,0.642,1687.4,26.05,21.58,1
B105874,0.553,0.793,1461.0,10.32,4.35,1
B105875,0.282,0.442,1554.1,32.08,17.23,1
B105876,0.206,0.842,1583.3,23.63,23.06,1
B105877,0.446,0.808,1625.3,19.7,25.08,0
B105878,0.302,0.99,1509.2,19.01,11.98,0
B105879,0.439,0.713,1546.0,13.36,19.68,0
B105880,0.112,0.925,1607.2,15.07,23.58,0
B105881,0.567,0.8,1604.7,31.46,17.41,0
B105882,0.481,0.801,1620.8,14.07,22.71,0
B105883,0.22,0.924,1624.4,13.95,14.78,0
B105884,0.223,0.912,1618.6,15.79,17.37,0
B105885,0.601,1.128,1610.7,12.81,11.27,1
B105886,0.312,0.864,1603.1,20.09,14.01,0
B105887,0.3,0.795,1636.6,26.53,17.6,0
B105888,0.128,0.846,1476.8,16.34,10.82,0
B105889,0.358,0.686,1684.9,11.76,13.66,1
B105890,0.373,0.792,1478.8,21.75,19.57,0
B105891,0.486,1.509,1540.6,19.67,27.32,0
B105892,0.232,0.626,1587.5,26.02,2.7,0
B105893,0.218,0.816,1637.0,17.27,26.86,0
B105894,0.454,0.784,1450.0,18.44,13.44,1
B105895,0.521,0.826,1598.5,19.1,20.79,0
B105896,0.211,0.801,1643.6,20.53,21.97,0
B105897,0.53,0.984,1654.7,17.64,24.39,1
B105898,0.405,0.387,1561.6,16.67,10.63,1
B105899,0.531,1.211,1583.5,8.9,13.65,0
B105900,0.392,1.09,1566.1,16.61,14.68,0
B105901,0.097,0.527,1578.4,24.29,12.86,0
B105902,0.382,0.219,1543.2,25.1,22.91,1
B105903,0.527,0.607,1551.1,17.17,14.54,0
B105904,0.293,0.827,1623.9,27.8,5.29,0
B105905,0.353,1.674,1607.2,19.83,11.2,0
B105906,0.379,1.063,1627.0,11.97,5.53,0
B105907,0.052,0.358,1611.8,10.09,13.63,0
B105908,0.601,0.693,1638.7,27.31,19.04,0
B105909,0.292,0.884,1648.3,17.76,11.07,0
B105910,0.461,0.976,1504.2,12.72,12.58,0
B105911,0.39,0.506,1553.0,6.44,13.35,1
B105912,0.551,0.86,1587.3,17.63,15.84,0
B105913,0.449,0.685,1598.8,22.43,18.1,0
B105914,0.372,0.569,1563.1,15.81,19.84,0
B105915,0.293,0.978,1650.2,13.68,28.53,0
B105916,0.496,1.132,1708.9,16.7,15.74,1
B105917,0.175,1.152,1610.2,27.46,19.41,0
B105918,0.478,1.072,1604.6,11.64,5.47,0
B105919,0.268,0.751,1646.7,16.15,12.72,0
B105920,0.55,1.114,1497.4,27.26,13.38,1
B105921,0.419,0.993,1601.6,22.97,8.9,0
B105922,0.477,0.94,1653.8,21.07,11.78,0
B105923,0.41,0.716,1564.6,16.11,14.36,0
B105924,0.19,0.751,1532.5,20.18,11.97,0
B105925,0.297,0.922,1589.8,16.77,30.61,0
B105926,0.481,1.632,1596.7,14.84,18.07,0
B105927,0.42,0.99,1550.0,13.52,27.01,1
B105928,0.542,0.717,1715.3,24.7,23.96,1
B105929,0.448,0.65,1573.7,19.64,11.16,0
B105930,0.284,0.752,1536.5,21.89,15.23,1
B105931,0.304,1.553,1594.9,20.91,12.39,0
B105932,0.412,0.78,1649.9,22.65,14.03,0
B105933,0.122,1.172,1601.0,18.47,9.14,0
B105934,0.601,0.787,1626.7,17.11,12.35,0
B105935,0.453,0.978,1552.1,15.11,17.16,0
B105936,0.547,1.138,1681.8,11.52,17.0,0
B105937,0.21,0.728,1630.9,13.27,16.52,0
B105938,0.549,0.708,1657.6,17.81,14.64,1
B105939,0.668,1.398,1620.1,10.38,20.16,0
B105940,0.241,1.195,1645.4,11.71,13.46,0
B105941,0.493,1.137,1552.0,26.25,23.35,0
B105942,0.4,1.136,1573.0,21.35,3.91,0
B105943,0.215,1.038,1674.1,17.29,18.94,1
B105944,0.459,1.505,1685.8,33.63,17.93,0
B105945,0.5,0.913,1536.9,10.11,10.95,0
B105946,0.328,1.073,1613.7,25.85,12.87,0
B105947,0.54,0.465,1576.3,19.33,17.79,0
B105948,0.2,0.653,1561.7,24.71,20.5,1
B105949,0.221,0.54,1615.7,20.65,4.5,0
B105950,0.416,1.282,1662.8,8.77,18.77,0
B105951,0.403,0.134,1624.8,20.57,12.25,0
B105952,0.314,0.779,1582.4,22.01,21.75,0
B105953,0.497,0.1,1628.3,6.85,3.96,0
B105954,0.464,0.651,1580.2,31.66,29.67,0
B105955,0.503,0.753,1622.7,21.87,9.68,0
B105956,0.385,1.315,1676.8,24.03,23.58,1
B105957,0.472,1.019,1485.8,13.01,14.58,1
B105958,0.347,0.65,1643.8,24.14,10.09,0
B105959,0.646,1.22,1515.4,26.54,16.59,1
B105960,0.302,0.905,1667.6,21.52,21.17,0
B105961,0.653,0.911,1565.0,19.94,5.68,1
B105962,0.404,0.539,1533.0,14.64,19.21,1
B105963,0.235,0.603,1638.2,18.7,14.93,0
B105964,0.564,0.652,1620.0,16.93,18.46,0
B105965,0.415,0.914,1545.0,23.43,15.07,0
B105966,0.502,0.923,1531.1,14.9,11.57,1
B105967,0.547,1.363,1589.7,23.39,8.32,0
B105968,0.441,1.016,1533.8,14.97,19.04,0
B105969,0.329,0.1,1541.6,18.43,19.0,1
B105970,0.517,0.979,1606.4,23.7,18.97,0
B105971,0.4,0.465,1546.9,15.78,17.57,0
B105972,0.482,0.61,1623.5,23.9,20.67,0
B105973,0.142,0.656,1682.0,23.32,23.44,1
B105974,0.454,0.701,1591.8,18.37,3.74,0
B105975,0.323,0.487,1607.2,26.97,2.0,0
B105976,0.598,0.961,1711.0,20.47,25.31,1
B105977,0.475,0.477,1534.7,26.61,6.95,0
B105978,0.429,1.007,1665.5,30.76,8.48,1
B105979,0.458,1.571,1658.9,18.55,13.27,0
B105980,0.28,0.501,1647.0,23.87,5.08,0
B105981,0.595,0.815,1671.0,16.17,12.71,1
B105982,0.639,0.143,1615.4,13.8,9.31,1
B105983,0.447,0.81,1567.9,18.83,13.6,0
B105984,0.591,1.093,1660.2,11.82,16.68,0
B105985,0.332,1.116,1662.3,14.37,12.94,1
B105986,0.304,0.923,1660.8,23.55,12.64,0
B105987,0.405,1.167,1602.4,16.92,16.55,0
B105988,0.452,1.664,1560.6,24.26,21.27,0
B105989,0.353,1.414,1610.5,21.8,24.62,0
B105990,0.465,0.743,1651.8,31.11,13.69,0
B105991,0.437,0.465,1656.3,23.15,25.95,1
B105992,0.28,0.778,1576.4,26.69,20.26,0
B105993,0.462,0.616,1617.3,22.41,7.61,0
B105994,0.504,1.035,1528.0,21.87,7.43,0
B105995,0.421,0.546,1654.2,26.99,11.54,0
B105996,0.538,0.878,1556.9,24.01,23.67,0
B105997,0.254,1.151,1643.2,21.26,11.99,0
B105998,0.456,0.87,1536.8,21.23,3.65,0
B105999,0.26,0.616,1656.7,23.23,13.63,1
